pokedex_number,name,japanese_name,classification,type1,type2,height_m,weight_kg,hp,attack,defense,speed,sp_attack,sp_defense,base_egg_steps,base_happiness,base_total,capture_rate,percentage_male,generation,is_legendary
1,Bulbasaur,Fushigidaneフシギダネ,Seed Pokémon,grass,poison,0.7,6.9,45,49,49,45,65,65,5120,70,318,45,88.1,1,False
2,Ivysaur,Fushigisouフシギソウ,Seed Pokémon,grass,poison,1.0,13.0,60,62,63,60,80,80,5120,70,405,45,88.1,1,False
3,Venusaur,Fushigibanaフシギバナ,Seed Pokémon,grass,poison,2.0,100.0,80,100,123,80,122,120,5120,70,625,45,88.1,1,False
4,Charmander,Hitokageヒトカゲ,Lizard Pokémon,fire,None,0.6,8.5,39,52,43,65,60,50,5120,70,309,45,88.1,1,False
5,Charmeleon,Lizardoリザード,Flame Pokémon,fire,None,1.1,19.0,58,64,58,80,80,65,5120,70,405,45,88.1,1,False
6,Charizard,Lizardonリザードン,Flame Pokémon,fire,flying,1.7,90.5,78,104,78,100,159,115,5120,70,634,45,88.1,1,False
7,Squirtle,Zenigameゼニガメ,Tiny Turtle Pokémon,water,None,0.5,9.0,44,48,65,43,50,64,5120,70,314,45,88.1,1,False
8,Wartortle,Kameilカメール,Turtle Pokémon,water,None,1.0,22.5,59,63,80,58,65,80,5120,70,405,45,88.1,1,False
9,Blastoise,Kamexカメックス,Shellfish Pokémon,water,None,1.6,85.5,79,103,120,78,135,115,5120,70,630,45,88.1,1,False
10,Caterpie,Caterpieキャタピー,Worm Pokémon,bug,None,0.3,2.9,45,30,35,45,20,20,3840,70,195,255,50.0,1,False
11,Metapod,Transelトランセル,Cocoon Pokémon,bug,None,0.7,9.9,50,20,55,30,25,25,3840,70,205,120,50.0,1,False
12,Butterfree,Butterfreeバタフリー,Butterfly Pokémon,bug,flying,1.1,32.0,60,45,50,70,90,80,3840,70,395,45,50.0,1,False
13,Weedle,Beedleビードル,Hairy Pokémon,bug,poison,0.3,3.2,40,35,30,50,20,20,3840,70,195,255,50.0,1,False
14,Kakuna,Cocoonコクーン,Cocoon Pokémon,bug,poison,0.6,10.0,45,25,50,35,25,25,3840,70,205,120,50.0,1,False
15,Beedrill,Spearスピアー,Poison Bee Pokémon,bug,poison,1.0,29.5,65,150,40,145,15,80,3840,70,495,45,50.0,1,False
16,Pidgey,Poppoポッポ,Tiny Bird Pokémon,normal,flying,0.3,1.8,40,45,40,56,35,35,3840,70,251,255,50.0,1,False
17,Pidgeotto,Pigeonピジョン,Bird Pokémon,normal,flying,1.1,30.0,63,60,55,71,50,50,3840,70,349,120,50.0,1,False
18,Pidgeot,Pigeotピジョット,Bird Pokémon,normal,flying,1.5,39.5,83,80,80,121,135,80,3840,70,579,45,50.0,1,False
19,Rattata,Korattaコラッタ,Mouse Pokémon,normal,dark,0.3,3.5,30,56,35,72,25,35,3840,70,253,255,50.0,1,False
20,Raticate,Rattaラッタ,Mouse Pokémon,normal,dark,0.7,18.5,75,71,70,77,40,80,3840,70,413,127,50.0,1,False
21,Spearow,Onisuzumeオニスズメ,Tiny Bird Pokémon,normal,flying,0.3,2.0,40,60,30,70,31,31,3840,70,262,255,50.0,1,False
22,Fearow,Onidrillオニドリル,Beak Pokémon,normal,flying,1.2,38.0,65,90,65,100,61,61,3840,70,442,90,50.0,1,False
23,Ekans,Arboアーボ,Snake Pokémon,poison,None,2.0,6.9,35,60,44,55,40,54,5120,70,288,255,50.0,1,False
24,Arbok,Arbokアーボック,Cobra Pokémon,poison,None,3.5,65.0,60,95,69,80,65,79,5120,70,448,90,50.0,1,False
25,Pikachu,Pikachuピカチュウ,Mouse Pokémon,electric,None,0.4,6.0,35,55,40,90,50,50,2560,70,320,190,50.0,1,False
26,Raichu,Raichuライチュウ,Mouse Pokémon,electric,electric,0.8,30.0,60,85,50,110,95,85,2560,70,485,75,50.0,1,False
27,Sandshrew,Sandサンド,Mouse Pokémon,ground,ice,0.6,12.0,50,75,90,40,10,35,5120,70,300,255,50.0,1,False
28,Sandslash,Sandpanサンドパン,Mouse Pokémon,ground,ice,1.0,29.5,75,100,120,65,25,65,5120,70,450,90,50.0,1,False
29,Nidoran♀,Nidoran?ニドラン♀,Poison Pin Pokémon,poison,None,0.4,7.0,55,47,52,41,40,40,5120,70,275,235,0.0,1,False
30,Nidorina,Nidorinaニドリーナ,Poison Pin Pokémon,poison,None,0.8,20.0,70,62,67,56,55,55,5120,70,365,120,0.0,1,False
31,Nidoqueen,Nidoqueenニドクイン,Drill Pokémon,poison,ground,1.3,60.0,90,92,87,76,75,85,5120,70,505,45,0.0,1,False
32,Nidoran♂,Nidoran?ニドラン♂,Poison Pin Pokémon,poison,None,0.5,9.0,46,57,40,50,40,40,5120,70,273,235,100.0,1,False
33,Nidorino,Nidorinoニドリーノ,Poison Pin Pokémon,poison,None,0.9,19.5,61,72,57,65,55,55,5120,70,365,120,100.0,1,False
34,Nidoking,Nidokingニドキング,Drill Pokémon,poison,ground,1.4,62.0,81,102,77,85,85,75,5120,70,505,45,100.0,1,False
35,Clefairy,Pippiピッピ,Fairy Pokémon,fairy,None,0.6,7.5,70,45,48,35,60,65,2560,140,323,150,24.6,1,False
36,Clefable,Pixyピクシー,Fairy Pokémon,fairy,None,1.3,40.0,95,70,73,60,95,90,2560,140,483,25,24.6,1,False
37,Vulpix,Rokonロコン,Fox Pokémon,fire,ice,0.6,9.9,38,41,40,65,50,65,5120,70,299,190,24.6,1,False
38,Ninetales,Kyukonキュウコン,Fox Pokémon,fire,ice,1.1,19.9,73,67,75,109,81,100,5120,70,505,75,24.6,1,False
39,Jigglypuff,Purinプリン,Balloon Pokémon,normal,fairy,0.5,5.5,115,45,20,20,45,25,2560,70,270,170,24.6,1,False
40,Wigglytuff,Pukurinプクリン,Balloon Pokémon,normal,fairy,1.0,12.0,140,70,45,45,85,50,2560,70,435,50,24.6,1,False
41,Zubat,Zubatズバット,Bat Pokémon,poison,flying,0.8,7.5,40,45,35,55,30,40,3840,70,245,255,50.0,1,False
42,Golbat,Golbatゴルバット,Bat Pokémon,poison,flying,1.6,55.0,75,80,70,90,65,75,3840,70,455,90,50.0,1,False
43,Oddish,Nazonokusaナゾノクサ,Weed Pokémon,grass,poison,0.5,5.4,45,50,55,30,75,65,5120,70,320,255,50.0,1,False
44,Gloom,Kusaihanaクサイハナ,Weed Pokémon,grass,poison,0.8,8.6,60,65,70,40,85,75,5120,70,395,120,50.0,1,False
45,Vileplume,Ruffresiaラフレシア,Flower Pokémon,grass,poison,1.2,18.6,75,80,85,50,110,90,5120,70,490,45,50.0,1,False
46,Paras,Parasパラス,Mushroom Pokémon,bug,grass,0.3,5.4,35,70,55,25,45,55,5120,70,285,190,50.0,1,False
47,Parasect,Parasectパラセクト,Mushroom Pokémon,bug,grass,1.0,29.5,60,95,80,30,60,80,5120,70,405,75,50.0,1,False
48,Venonat,Kongpangコンパン,Insect Pokémon,bug,poison,1.0,30.0,60,55,50,45,40,55,5120,70,305,190,50.0,1,False
49,Venomoth,Morphonモルフォン,Poison Moth Pokémon,bug,poison,1.5,12.5,70,65,60,90,90,75,5120,70,450,75,50.0,1,False
50,Diglett,Digdaディグダ,Mole Pokémon,ground,ground,0.2,0.8,10,55,30,90,35,45,5120,70,265,255,50.0,1,False
51,Dugtrio,Dugtrioダグトリオ,Mole Pokémon,ground,ground,0.7,33.3,35,100,60,110,50,70,5120,70,425,50,50.0,1,False
52,Meowth,Nyarthニャース,Scratch Cat Pokémon,normal,dark,0.4,4.2,40,35,35,90,50,40,5120,70,290,255,50.0,1,False
53,Persian,Persianペルシアン,Classy Cat Pokémon,normal,dark,1.0,32.0,65,60,60,115,75,65,5120,70,440,90,50.0,1,False
54,Psyduck,Koduckコダック,Duck Pokémon,water,None,0.8,19.6,50,52,48,55,65,50,5120,70,320,190,50.0,1,False
55,Golduck,Golduckゴルダック,Duck Pokémon,water,None,1.7,76.6,80,82,78,85,95,80,5120,70,500,75,50.0,1,False
56,Mankey,Mankeyマンキー,Pig Monkey Pokémon,fighting,None,0.5,28.0,40,80,35,70,35,45,5120,70,305,190,50.0,1,False
57,Primeape,Okorizaruオコリザル,Pig Monkey Pokémon,fighting,None,1.0,32.0,65,105,60,95,60,70,5120,70,455,75,50.0,1,False
58,Growlithe,Gardieガーディ,Puppy Pokémon,fire,None,0.7,19.0,55,70,45,60,70,50,5120,70,350,190,75.4,1,False
59,Arcanine,Windieウインディ,Legendary Pokémon,fire,None,1.9,155.0,90,110,80,95,100,80,5120,70,555,75,75.4,1,False
60,Poliwag,Nyoromoニョロモ,Tadpole Pokémon,water,None,0.6,12.4,40,50,40,90,40,40,5120,70,300,255,50.0,1,False
61,Poliwhirl,Nyorozoニョロゾ,Tadpole Pokémon,water,None,1.0,20.0,65,65,65,90,50,50,5120,70,385,120,50.0,1,False
62,Poliwrath,Nyorobonニョロボン,Tadpole Pokémon,water,fighting,1.3,54.0,90,95,95,70,70,90,5120,70,510,45,50.0,1,False
63,Abra,Caseyケーシィ,Psi Pokémon,psychic,None,0.9,19.5,25,20,15,90,105,55,5120,70,310,200,75.4,1,False
64,Kadabra,Yungererユンゲラー,Psi Pokémon,psychic,None,1.3,56.5,40,35,30,105,120,70,5120,70,400,100,75.4,1,False
65,Alakazam,Foodinフーディン,Psi Pokémon,psychic,None,1.5,48.0,55,50,65,150,175,105,5120,70,600,50,75.4,1,False
66,Machop,Wanrikyワンリキー,Superpower Pokémon,fighting,None,0.8,19.5,70,80,50,35,35,35,5120,70,305,180,75.4,1,False
67,Machoke,Gorikyゴーリキー,Superpower Pokémon,fighting,None,1.5,70.5,80,100,70,45,50,60,5120,70,405,90,75.4,1,False
68,Machamp,Kairikyカイリキー,Superpower Pokémon,fighting,None,1.6,130.0,90,130,80,55,65,85,5120,70,505,45,75.4,1,False
69,Bellsprout,Madatsubomiマダツボミ,Flower Pokémon,grass,poison,0.7,4.0,50,75,35,40,70,30,5120,70,300,255,50.0,1,False
70,Weepinbell,Utsudonウツドン,Flycatcher Pokémon,grass,poison,1.0,6.4,65,90,50,55,85,45,5120,70,390,120,50.0,1,False
71,Victreebel,Utsubotウツボット,Flycatcher Pokémon,grass,poison,1.7,15.5,80,105,65,70,100,70,5120,70,490,45,50.0,1,False
72,Tentacool,Menokurageメノクラゲ,Jellyfish Pokémon,water,poison,0.9,45.5,40,40,35,70,50,100,5120,70,335,190,50.0,1,False
73,Tentacruel,Dokukurageドククラゲ,Jellyfish Pokémon,water,poison,1.6,55.0,80,70,65,100,80,120,5120,70,515,60,50.0,1,False
74,Geodude,Isitsubuteイシツブテ,Rock Pokémon,rock,ground,0.4,20.0,40,80,100,20,30,30,3840,70,300,255,50.0,1,False
75,Graveler,Goloneゴローン,Rock Pokémon,rock,ground,1.0,105.0,55,95,115,35,45,45,3840,70,390,120,50.0,1,False
76,Golem,Golonyaゴローニャ,Megaton Pokémon,rock,ground,1.4,300.0,80,120,130,45,55,65,3840,70,495,45,50.0,1,False
77,Ponyta,Ponytaポニータ,Fire Horse Pokémon,fire,None,1.0,30.0,50,85,55,90,65,65,5120,70,410,190,50.0,1,False
78,Rapidash,Gallopギャロップ,Fire Horse Pokémon,fire,None,1.7,95.0,65,100,70,105,80,80,5120,70,500,60,50.0,1,False
79,Slowpoke,Yadonヤドン,Dopey Pokémon,water,psychic,1.2,36.0,90,65,65,15,40,40,5120,70,315,190,50.0,1,False
80,Slowbro,Yadoranヤドラン,Hermit Crab Pokémon,water,psychic,1.6,78.5,95,75,180,30,130,80,5120,70,590,75,50.0,1,False
81,Magnemite,Coilコイル,Magnet Pokémon,electric,steel,0.3,6.0,25,35,70,45,95,55,5120,70,325,190,55.2,1,False
82,Magneton,Rarecoilレアコイル,Magnet Pokémon,electric,steel,1.0,60.0,50,60,95,70,120,70,5120,70,465,60,55.2,1,False
83,Farfetch'd,Kamonegiカモネギ,Wild Duck Pokémon,normal,flying,0.8,15.0,52,90,55,60,58,62,5120,70,377,45,50.0,1,False
84,Doduo,Dodoドードー,Twin Bird Pokémon,normal,flying,1.4,39.2,35,85,45,75,35,35,5120,70,310,190,50.0,1,False
85,Dodrio,Dodorioドードリオ,Triple Bird Pokémon,normal,flying,1.8,85.2,60,110,70,110,60,60,5120,70,470,45,50.0,1,False
86,Seel,Pawouパウワウ,Sea Lion Pokémon,water,None,1.1,90.0,65,45,55,45,45,70,5120,70,325,190,50.0,1,False
87,Dewgong,Jugonジュゴン,Sea Lion Pokémon,water,ice,1.7,120.0,90,70,80,70,70,95,5120,70,475,75,50.0,1,False
88,Grimer,Betbeterベトベター,Sludge Pokémon,poison,poison,0.9,30.0,80,80,50,25,40,50,5120,70,325,190,50.0,1,False
89,Muk,Betbetonベトベトン,Sludge Pokémon,poison,poison,1.2,30.0,105,105,75,50,65,100,5120,70,500,75,50.0,1,False
90,Shellder,Shellderシェルダー,Bivalve Pokémon,water,None,0.3,4.0,30,65,100,40,45,25,5120,70,305,190,50.0,1,False
91,Cloyster,Parshenパルシェン,Bivalve Pokémon,water,ice,1.5,132.5,50,95,180,70,85,45,5120,70,525,60,50.0,1,False
92,Gastly,Ghosゴース,Gas Pokémon,ghost,poison,1.3,0.1,30,35,30,80,100,35,5120,70,310,190,50.0,1,False
93,Haunter,Ghostゴースト,Gas Pokémon,ghost,poison,1.6,0.1,45,50,45,95,115,55,5120,70,405,90,50.0,1,False
94,Gengar,Gangarゲンガー,Shadow Pokémon,ghost,poison,1.5,40.5,60,65,80,130,170,95,5120,70,600,45,50.0,1,False
95,Onix,Iwarkイワーク,Rock Snake Pokémon,rock,ground,8.8,210.0,35,45,160,70,30,45,6400,70,385,45,50.0,1,False
96,Drowzee,Sleepeスリープ,Hypnosis Pokémon,psychic,None,1.0,32.4,60,48,45,42,43,90,5120,70,328,190,50.0,1,False
97,Hypno,Sleeperスリーパー,Hypnosis Pokémon,psychic,None,1.6,75.6,85,73,70,67,73,115,5120,70,483,75,50.0,1,False
98,Krabby,Crabクラブ,River Crab Pokémon,water,None,0.4,6.5,30,105,90,50,25,25,5120,70,325,225,50.0,1,False
99,Kingler,Kinglerキングラー,Pincer Pokémon,water,None,1.3,60.0,55,130,115,75,50,50,5120,70,475,60,50.0,1,False
100,Voltorb,Biriridamaビリリダマ,Ball Pokémon,electric,None,0.5,10.4,40,30,50,100,55,55,5120,70,330,190,55.2,1,False
101,Electrode,Marumineマルマイン,Ball Pokémon,electric,None,1.2,66.6,60,50,70,150,80,80,5120,70,490,60,55.2,1,False
102,Exeggcute,Tamatamaタマタマ,Egg Pokémon,grass,psychic,0.4,2.5,60,40,80,40,60,45,5120,70,325,90,50.0,1,False
103,Exeggutor,Nassyナッシー,Coconut Pokémon,grass,psychic,2.0,120.0,95,105,85,45,125,75,5120,70,530,45,50.0,1,False
104,Cubone,Karakaraカラカラ,Lonely Pokémon,ground,None,0.4,6.5,50,50,95,35,40,50,5120,70,320,190,50.0,1,False
105,Marowak,Garagaraガラガラ,Bone Keeper Pokémon,ground,fire,1.0,45.0,60,80,110,45,50,80,5120,70,425,75,50.0,1,False
106,Hitmonlee,Sawamularサワムラー,Kicking Pokémon,fighting,None,1.5,49.8,50,120,53,87,35,110,6400,70,455,45,100.0,1,False
107,Hitmonchan,Ebiwalarエビワラー,Punching Pokémon,fighting,None,1.4,50.2,50,105,79,76,35,110,6400,70,455,45,100.0,1,False
108,Lickitung,Beroringaベロリンガ,Licking Pokémon,normal,None,1.2,65.5,90,55,75,30,60,75,5120,70,385,45,50.0,1,False
109,Koffing,Dogarsドガース,Poison Gas Pokémon,poison,None,0.6,1.0,40,65,95,35,60,45,5120,70,340,190,50.0,1,False
110,Weezing,Matadogasマタドガス,Poison Gas Pokémon,poison,None,1.2,9.5,65,90,120,60,85,70,5120,70,490,60,50.0,1,False
111,Rhyhorn,Sihornサイホーン,Spikes Pokémon,ground,rock,1.0,115.0,80,85,95,25,30,30,5120,70,345,120,50.0,1,False
112,Rhydon,Sidonサイドン,Drill Pokémon,ground,rock,1.9,120.0,105,130,120,40,45,45,5120,70,485,60,50.0,1,False
113,Chansey,Luckyラッキー,Egg Pokémon,normal,None,1.1,34.6,250,5,5,50,35,105,10240,140,450,30,0.0,1,False
114,Tangela,Monjaraモンジャラ,Vine Pokémon,grass,None,1.0,35.0,65,55,115,60,100,40,5120,70,435,45,50.0,1,False
115,Kangaskhan,Garuraガルーラ,Parent Pokémon,normal,None,2.2,80.0,105,125,100,100,60,100,5120,70,590,45,0.0,1,False
116,Horsea,Tattuタッツー,Dragon Pokémon,water,None,0.4,8.0,30,40,70,60,70,25,5120,70,295,225,50.0,1,False
117,Seadra,Seadraシードラ,Dragon Pokémon,water,None,1.2,25.0,55,65,95,85,95,45,5120,70,440,75,50.0,1,False
118,Goldeen,Tosakintoトサキント,Goldfish Pokémon,water,None,0.6,15.0,45,67,60,63,35,50,5120,70,320,225,50.0,1,False
119,Seaking,Azumaoアズマオウ,Goldfish Pokémon,water,None,1.3,39.0,80,92,65,68,65,80,5120,70,450,60,50.0,1,False
120,Staryu,Hitodemanヒトデマン,Starshape Pokémon,water,None,0.8,34.5,30,45,55,85,70,55,5120,70,340,225,55.2,1,False
121,Starmie,Starmieスターミー,Mysterious Pokémon,water,psychic,1.1,80.0,60,75,85,115,100,85,5120,70,520,60,55.2,1,False
122,Mr. Mime,Barrierdバリヤード,Barrier Pokémon,psychic,fairy,1.3,54.5,40,45,65,90,100,120,6400,70,460,45,50.0,1,False
123,Scyther,Strikeストライク,Mantis Pokémon,bug,flying,1.5,56.0,70,110,80,105,55,80,6400,70,500,45,50.0,1,False
124,Jynx,Rougelaルージュラ,Humanshape Pokémon,ice,psychic,1.4,40.6,65,50,35,95,115,95,6400,70,455,45,0.0,1,False
125,Electabuzz,Elebooエレブー,Electric Pokémon,electric,None,1.1,30.0,65,83,57,105,95,85,6400,70,490,45,75.4,1,False
126,Magmar,Booberブーバー,Spitfire Pokémon,fire,None,1.3,44.5,65,95,57,93,100,85,6400,70,495,45,75.4,1,False
127,Pinsir,Kailiosカイロス,Stagbeetle Pokémon,bug,None,1.5,55.0,65,155,120,105,65,90,6400,70,600,45,50.0,1,False
128,Tauros,Kentaurosケンタロス,Wild Bull Pokémon,normal,None,1.4,88.4,75,100,95,110,40,70,5120,70,490,45,100.0,1,False
129,Magikarp,Koikingコイキング,Fish Pokémon,water,None,0.9,10.0,20,10,55,80,15,20,1280,70,200,255,50.0,1,False
130,Gyarados,Gyaradosギャラドス,Atrocious Pokémon,water,flying,6.5,235.0,95,155,109,81,70,130,1280,70,640,45,50.0,1,False
131,Lapras,Laplaceラプラス,Transport Pokémon,water,ice,2.5,220.0,130,85,80,60,85,95,10240,70,535,45,50.0,1,False
132,Ditto,Metamonメタモン,Transform Pokémon,normal,None,0.3,4.0,48,48,48,48,48,48,5120,70,288,35,55.2,1,False
133,Eevee,Eievuiイーブイ,Evolution Pokémon,normal,None,0.3,6.5,55,55,50,55,45,65,8960,70,325,45,88.1,1,False
134,Vaporeon,Showersシャワーズ,Bubble Jet Pokémon,water,None,1.0,29.0,130,65,60,65,110,95,8960,70,525,45,88.1,1,False
135,Jolteon,Thundersサンダース,Lightning Pokémon,electric,None,0.8,24.5,65,65,60,130,110,95,8960,70,525,45,88.1,1,False
136,Flareon,Boosterブースター,Flame Pokémon,fire,None,0.9,25.0,65,130,60,65,95,110,8960,70,525,45,88.1,1,False
137,Porygon,Porygonポリゴン,Virtual Pokémon,normal,None,0.8,36.5,65,60,70,40,85,75,5120,70,395,45,55.2,1,False
138,Omanyte,Omniteオムナイト,Spiral Pokémon,rock,water,0.4,7.5,35,40,100,35,90,55,7680,70,355,45,88.1,1,False
139,Omastar,Omstarオムスター,Spiral Pokémon,rock,water,1.0,35.0,70,60,125,55,115,70,7680,70,495,45,88.1,1,False
140,Kabuto,Kabutoカブト,Shellfish Pokémon,rock,water,0.5,11.5,30,80,90,55,55,45,7680,70,355,45,88.1,1,False
141,Kabutops,Kabutopsカブトプス,Shellfish Pokémon,rock,water,1.3,40.5,60,115,105,80,65,70,7680,70,495,45,88.1,1,False
142,Aerodactyl,Pteraプテラ,Fossil Pokémon,rock,flying,1.8,59.0,80,135,85,150,70,95,8960,70,615,45,88.1,1,False
143,Snorlax,Kabigonカビゴン,Sleeping Pokémon,normal,None,2.1,460.0,160,110,65,30,65,110,10240,70,540,25,88.1,1,False
144,Articuno,Freezerフリーザー,Freeze Pokémon,ice,flying,1.7,55.4,90,85,100,85,95,125,20480,35,580,3,55.2,1,True
145,Zapdos,Thunderサンダー,Electric Pokémon,electric,flying,1.6,52.6,90,90,85,100,125,90,20480,35,580,3,55.2,1,True
146,Moltres,Fireファイヤー,Flame Pokémon,fire,flying,2.0,60.0,90,100,90,90,125,85,20480,35,580,3,55.2,1,True
147,Dratini,Miniryuミニリュウ,Dragon Pokémon,dragon,None,1.8,3.3,41,64,45,50,50,50,10240,35,300,45,50.0,1,False
148,Dragonair,Hakuryuハクリュー,Dragon Pokémon,dragon,None,4.0,16.5,61,84,65,70,70,70,10240,35,420,45,50.0,1,False
149,Dragonite,Kairyuカイリュー,Dragon Pokémon,dragon,flying,2.2,210.0,91,134,95,80,100,100,10240,35,600,45,50.0,1,False
150,Mewtwo,Mewtwoミュウツー,Genetic Pokémon,psychic,None,2.0,122.0,106,150,70,140,194,120,30720,0,780,3,55.2,1,True
151,Mew,Mewミュウ,New Species Pokémon,psychic,None,0.4,4.0,100,100,100,100,100,100,30720,100,600,45,55.2,1,True
152,Chikorita,Chicoritaチコリータ,Leaf Pokémon,grass,None,0.9,6.4,45,49,65,45,49,65,5120,70,318,45,88.1,2,False
153,Bayleef,Bayleafベイリーフ,Leaf Pokémon,grass,None,1.2,15.8,60,62,80,60,63,80,5120,70,405,45,88.1,2,False
154,Meganium,Meganiumメガニウム,Herb Pokémon,grass,None,1.8,100.5,80,82,100,80,83,100,5120,70,525,45,88.1,2,False
155,Cyndaquil,Hinoarashiヒノアラシ,Fire Mouse Pokémon,fire,None,0.5,7.9,39,52,43,65,60,50,5120,70,309,45,88.1,2,False
156,Quilava,Magmarashiマグマラシ,Volcano Pokémon,fire,None,0.9,19.0,58,64,58,80,80,65,5120,70,405,45,88.1,2,False
157,Typhlosion,Bakphoonバクフーン,Volcano Pokémon,fire,None,1.7,79.5,78,84,78,100,109,85,5120,70,534,45,88.1,2,False
158,Totodile,Waninokoワニノコ,Big Jaw Pokémon,water,None,0.6,9.5,50,65,64,43,44,48,5120,70,314,45,88.1,2,False
159,Croconaw,Alligatesアリゲイツ,Big Jaw Pokémon,water,None,1.1,25.0,65,80,80,58,59,63,5120,70,405,45,88.1,2,False
160,Feraligatr,Ordileオーダイル,Big Jaw Pokémon,water,None,2.3,88.8,85,105,100,78,79,83,5120,70,530,45,88.1,2,False
161,Sentret,Otachiオタチ,Scout Pokémon,normal,None,0.8,6.0,35,46,34,20,35,45,3840,70,215,255,50.0,2,False
162,Furret,Ootachiオオタチ,Long Body Pokémon,normal,None,1.8,32.5,85,76,64,90,45,55,3840,70,415,90,50.0,2,False
163,Hoothoot,Hohoホーホー,Owl Pokémon,normal,flying,0.7,21.2,60,30,30,50,36,56,3840,70,262,255,50.0,2,False
164,Noctowl,Yorunozukuヨルノズク,Owl Pokémon,normal,flying,1.6,40.8,100,50,50,70,86,96,3840,70,452,90,50.0,2,False
165,Ledyba,Redibaレディバ,Five Star Pokémon,bug,flying,1.0,10.8,40,20,30,55,40,80,3840,70,265,255,50.0,2,False
166,Ledian,Redianレディアン,Five Star Pokémon,bug,flying,1.4,35.6,55,35,50,85,55,110,3840,70,390,90,50.0,2,False
167,Spinarak,Itomaruイトマル,String Spit Pokémon,bug,poison,0.5,8.5,40,60,40,30,40,40,3840,70,250,255,50.0,2,False
168,Ariados,Ariadosアリアドス,Long Leg Pokémon,bug,poison,1.1,33.5,70,90,70,40,60,70,3840,70,400,90,50.0,2,False
169,Crobat,Crobatクロバット,Bat Pokémon,poison,flying,1.8,75.0,85,90,80,130,70,80,3840,70,535,90,50.0,2,False
170,Chinchou,Chonchieチョンチー,Angler Pokémon,water,electric,0.5,12.0,75,38,38,67,56,56,5120,70,330,190,50.0,2,False
171,Lanturn,Lanternランターン,Light Pokémon,water,electric,1.2,22.5,125,58,58,67,76,76,5120,70,460,75,50.0,2,False
172,Pichu,Pichuピチュー,Tiny Mouse Pokémon,electric,None,0.3,2.0,20,40,15,60,35,35,2560,70,205,190,50.0,2,False
173,Cleffa,Pyピィ,Star Shape Pokémon,fairy,None,0.3,3.0,50,25,28,15,45,55,2560,140,218,150,24.6,2,False
174,Igglybuff,Pupurinププリン,Balloon Pokémon,normal,fairy,0.3,1.0,90,30,15,15,40,20,2560,70,210,170,24.6,2,False
175,Togepi,Togepyトゲピー,Spike Ball Pokémon,fairy,None,0.3,1.5,35,20,65,20,40,65,2560,70,245,190,88.1,2,False
176,Togetic,Togechickトゲチック,Happiness Pokémon,fairy,flying,0.6,3.2,55,40,85,40,80,105,2560,70,405,75,88.1,2,False
177,Natu,Natyネイティ,Little Bird Pokémon,psychic,flying,0.2,2.0,40,50,45,70,70,45,5120,70,320,190,50.0,2,False
178,Xatu,Natioネイティオ,Mystic Pokémon,psychic,flying,1.5,15.0,65,75,70,95,95,70,5120,70,470,75,50.0,2,False
179,Mareep,Merriepメリープ,Wool Pokémon,electric,None,0.6,7.8,55,40,40,35,65,45,5120,70,280,235,50.0,2,False
180,Flaaffy,Mokokoモココ,Wool Pokémon,electric,None,0.8,13.3,70,55,55,45,80,60,5120,70,365,120,50.0,2,False
181,Ampharos,Denryuデンリュウ,Light Pokémon,electric,None,1.4,61.5,90,95,105,45,165,110,5120,70,610,45,50.0,2,False
182,Bellossom,Kireihanaキレイハナ,Flower Pokémon,grass,None,0.4,5.8,75,80,95,50,90,100,5120,70,490,45,50.0,2,False
183,Marill,Marilマリル,Aquamouse Pokémon,water,fairy,0.4,8.5,70,20,50,40,20,50,2560,70,250,190,50.0,2,False
184,Azumarill,Marilliマリルリ,Aquarabbit Pokémon,water,fairy,0.8,28.5,100,50,80,50,60,80,2560,70,420,75,50.0,2,False
185,Sudowoodo,Usokkieウソッキー,Imitation Pokémon,rock,None,1.2,38.0,70,100,115,30,30,65,5120,70,410,65,50.0,2,False
186,Politoed,Nyorotonoニョロトノ,Frog Pokémon,water,None,1.1,33.9,90,75,75,70,90,100,5120,70,500,45,50.0,2,False
187,Hoppip,Haneccoハネッコ,Cottonweed Pokémon,grass,flying,0.4,0.5,35,35,40,50,35,55,5120,70,250,255,50.0,2,False
188,Skiploom,Popoccoポポッコ,Cottonweed Pokémon,grass,flying,0.6,1.0,55,45,50,80,45,65,5120,70,340,120,50.0,2,False
189,Jumpluff,Wataccoワタッコ,Cottonweed Pokémon,grass,flying,0.8,3.0,75,55,70,110,55,95,5120,70,460,45,50.0,2,False
190,Aipom,Eipamエイパム,Long Tail Pokémon,normal,None,0.8,11.5,55,70,55,85,40,55,5120,70,360,45,50.0,2,False
191,Sunkern,Himanutsヒマナッツ,Seed Pokémon,grass,None,0.3,1.8,30,30,30,30,30,30,5120,70,180,235,50.0,2,False
192,Sunflora,Kimawariキマワリ,Sun Pokémon,grass,None,0.8,8.5,75,75,55,30,105,85,5120,70,425,120,50.0,2,False
193,Yanma,Yanyanmaヤンヤンマ,Clear Wing Pokémon,bug,flying,1.2,38.0,65,65,45,95,75,45,5120,70,390,75,50.0,2,False
194,Wooper,Upahウパー,Water Fish Pokémon,water,ground,0.4,8.5,55,45,45,15,25,25,5120,70,210,255,50.0,2,False
195,Quagsire,Nuohヌオー,Water Fish Pokémon,water,ground,1.4,75.0,95,85,85,35,65,65,5120,70,430,90,50.0,2,False
196,Espeon,Eifieエーフィ,Sun Pokémon,psychic,None,0.9,26.5,65,65,60,110,130,95,8960,70,525,45,88.1,2,False
197,Umbreon,Blackyブラッキー,Moonlight Pokémon,dark,None,1.0,27.0,95,65,110,65,60,130,8960,35,525,45,88.1,2,False
198,Murkrow,Yamikarasuヤミカラス,Darkness Pokémon,dark,flying,0.5,2.1,60,85,42,91,85,42,5120,35,405,30,50.0,2,False
199,Slowking,Yadokingヤドキング,Royal Pokémon,water,psychic,2.0,79.5,95,75,80,30,100,110,5120,70,490,70,50.0,2,False
200,Misdreavus,Mumaムウマ,Screech Pokémon,ghost,None,0.7,1.0,60,60,60,85,85,85,6400,35,435,45,50.0,2,False
201,Unown,Unknownアンノーン,Symbol Pokémon,psychic,None,0.5,5.0,48,72,48,48,72,48,10240,70,336,225,55.2,2,False
202,Wobbuffet,Sonansソーナンス,Patient Pokémon,psychic,None,1.3,28.5,190,33,58,33,33,58,5120,70,405,45,50.0,2,False
203,Girafarig,Kirinrikiキリンリキ,Long Neck Pokémon,normal,psychic,1.5,41.5,70,80,65,85,90,65,5120,70,455,60,50.0,2,False
204,Pineco,Kunugidamaクヌギダマ,Bagworm Pokémon,bug,None,0.6,7.2,50,65,90,15,35,35,5120,70,290,190,50.0,2,False
205,Forretress,Foretosフォレトス,Bagworm Pokémon,bug,steel,1.2,125.8,75,90,140,40,60,60,5120,70,465,75,50.0,2,False
206,Dunsparce,Nokocchiノコッチ,Land Snake Pokémon,normal,None,1.5,14.0,100,70,70,45,65,65,5120,70,415,190,50.0,2,False
207,Gligar,Gligerグライガー,Flyscorpion Pokémon,ground,flying,1.1,64.8,65,75,105,85,35,65,5120,70,430,60,50.0,2,False
208,Steelix,Haganeilハガネール,Iron Snake Pokémon,steel,ground,9.2,400.0,75,125,230,30,55,95,6400,70,610,25,50.0,2,False
209,Snubbull,Buluブルー,Fairy Pokémon,fairy,None,0.6,7.8,60,80,50,30,40,40,5120,70,300,190,24.6,2,False
210,Granbull,Granbuluグランブル,Fairy Pokémon,fairy,None,1.4,48.7,90,120,75,45,60,60,5120,70,450,75,24.6,2,False
211,Qwilfish,Harysenハリーセン,Balloon Pokémon,water,poison,0.5,3.9,65,95,85,85,55,55,5120,70,440,45,50.0,2,False
212,Scizor,Hassamハッサム,Pincer Pokémon,bug,steel,1.8,118.0,70,150,140,75,65,100,6400,70,600,25,50.0,2,False
213,Shuckle,Tsubotsuboツボツボ,Mold Pokémon,bug,rock,0.6,20.5,20,10,230,5,10,230,5120,70,505,190,50.0,2,False
214,Heracross,Heracrosヘラクロス,Singlehorn Pokémon,bug,fighting,1.5,54.0,80,185,115,75,40,105,6400,70,600,45,50.0,2,False
215,Sneasel,Nyulaニューラ,Sharp Claw Pokémon,dark,ice,0.9,28.0,55,95,55,115,35,75,5120,35,430,60,50.0,2,False
216,Teddiursa,Himegumaヒメグマ,Little Bear Pokémon,normal,None,0.6,8.8,60,80,50,40,50,50,5120,70,330,120,50.0,2,False
217,Ursaring,Ringumaリングマ,Hibernator Pokémon,normal,None,1.8,125.8,90,130,75,55,75,75,5120,70,500,60,50.0,2,False
218,Slugma,Magmagマグマッグ,Lava Pokémon,fire,None,0.7,35.0,40,40,40,20,70,40,5120,70,250,190,50.0,2,False
219,Magcargo,Magcargotマグカルゴ,Lava Pokémon,fire,rock,0.8,55.0,60,50,120,30,90,80,5120,70,430,75,50.0,2,False
220,Swinub,Urimooウリムー,Pig Pokémon,ice,ground,0.4,6.5,50,50,40,50,30,30,5120,70,250,225,50.0,2,False
221,Piloswine,Inomooイノムー,Swine Pokémon,ice,ground,1.1,55.8,100,100,80,50,60,60,5120,70,450,75,50.0,2,False
222,Corsola,Sunnygoサニーゴ,Coral Pokémon,water,rock,0.6,5.0,65,55,95,35,65,95,5120,70,410,60,24.6,2,False
223,Remoraid,Teppouoテッポウオ,Jet Pokémon,water,None,0.6,12.0,35,65,35,65,65,35,5120,70,300,190,50.0,2,False
224,Octillery,Okutankオクタン,Jet Pokémon,water,None,0.9,28.5,75,105,75,45,105,75,5120,70,480,75,50.0,2,False
225,Delibird,Delibirdデリバード,Delivery Pokémon,ice,flying,0.9,16.0,45,55,45,75,65,45,5120,70,330,45,50.0,2,False
226,Mantine,Mantainマンタイン,Kite Pokémon,water,flying,2.1,220.0,85,40,70,70,80,140,6400,70,485,25,50.0,2,False
227,Skarmory,Airmdエアームド,Armor Bird Pokémon,steel,flying,1.7,50.5,65,80,140,70,40,70,6400,70,465,25,50.0,2,False
228,Houndour,Delvilデルビル,Dark Pokémon,dark,fire,0.6,10.8,45,60,30,65,80,50,5120,35,330,120,50.0,2,False
229,Houndoom,Hellgarヘルガー,Dark Pokémon,dark,fire,1.4,35.0,75,90,90,115,140,90,5120,35,600,45,50.0,2,False
230,Kingdra,Kingdraキングドラ,Dragon Pokémon,water,dragon,1.8,152.0,75,95,95,85,95,95,5120,70,540,45,50.0,2,False
231,Phanpy,Gomazouゴマゾウ,Long Nose Pokémon,ground,None,0.5,33.5,90,60,60,40,40,40,5120,70,330,120,50.0,2,False
232,Donphan,Donfanドンファン,Armor Pokémon,ground,None,1.1,120.0,90,120,120,50,60,60,5120,70,500,60,50.0,2,False
233,Porygon2,Porygon2ポリゴン２,Virtual Pokémon,normal,None,0.6,32.5,85,80,90,60,105,95,5120,70,515,45,55.2,2,False
234,Stantler,Odoshishiオドシシ,Big Horn Pokémon,normal,None,1.4,71.2,73,95,62,85,85,65,5120,70,465,45,50.0,2,False
235,Smeargle,Dobleドーブル,Painter Pokémon,normal,None,1.2,58.0,55,20,35,75,20,45,5120,70,250,45,50.0,2,False
236,Tyrogue,Balkieバルキー,Scuffle Pokémon,fighting,None,0.7,21.0,35,35,35,35,35,35,6400,70,210,75,100.0,2,False
237,Hitmontop,Kapoererカポエラー,Handstand Pokémon,fighting,None,1.4,48.0,50,95,95,70,35,110,6400,70,455,45,100.0,2,False
238,Smoochum,Muchulムチュール,Kiss Pokémon,ice,psychic,0.4,6.0,45,30,15,65,85,65,6400,70,305,45,0.0,2,False
239,Elekid,Elekidエレキッド,Electric Pokémon,electric,None,0.6,23.5,45,63,37,95,65,55,6400,70,360,45,75.4,2,False
240,Magby,Bubyブビィ,Live Coal Pokémon,fire,None,0.7,21.4,45,75,37,83,70,55,6400,70,365,45,75.4,2,False
241,Miltank,Miltankミルタンク,Milk Cow Pokémon,normal,None,1.2,75.5,95,80,105,100,40,70,5120,70,490,45,0.0,2,False
242,Blissey,Happinasハピナス,Happiness Pokémon,normal,None,1.5,46.8,255,10,10,55,75,135,10240,140,540,30,0.0,2,False
243,Raikou,Raikouライコウ,Thunder Pokémon,electric,None,1.9,178.0,90,85,75,115,115,100,20480,35,580,3,55.2,2,True
244,Entei,Enteiエンテイ,Volcano Pokémon,fire,None,2.1,198.0,115,115,85,100,90,75,20480,35,580,3,55.2,2,True
245,Suicune,Suicuneスイクン,Aurora Pokémon,water,None,2.0,187.0,100,75,115,85,90,115,20480,35,580,3,55.2,2,True
246,Larvitar,Yogirasヨーギラス,Rock Skin Pokémon,rock,ground,0.6,72.0,50,64,50,41,45,50,10240,35,300,45,50.0,2,False
247,Pupitar,Sanagirasサナギラス,Hard Shell Pokémon,rock,ground,1.2,152.0,70,84,70,51,65,70,10240,35,410,45,50.0,2,False
248,Tyranitar,Bangirasバンギラス,Armor Pokémon,rock,dark,2.0,202.0,100,164,150,71,95,120,10240,35,700,45,50.0,2,False
249,Lugia,Lugiaルギア,Diving Pokémon,psychic,flying,5.2,216.0,106,90,130,110,90,154,30720,0,680,3,55.2,2,True
250,Ho-Oh,Hououホウオウ,Rainbow Pokémon,fire,flying,3.8,199.0,106,130,90,90,110,154,30720,0,680,3,55.2,2,True
251,Celebi,Celebiセレビィ,Time Travel Pokémon,psychic,grass,0.6,5.0,100,100,100,100,100,100,30720,100,600,45,55.2,2,True
252,Treecko,Kimoriキモリ,Wood Gecko Pokémon,grass,None,0.5,5.0,40,45,35,70,65,55,5120,70,310,45,88.1,3,False
253,Grovyle,Juptileジュプトル,Wood Gecko Pokémon,grass,None,0.9,21.6,50,65,45,95,85,65,5120,70,405,45,88.1,3,False
254,Sceptile,Jukainジュカイン,Forest Pokémon,grass,None,1.7,52.2,70,110,75,145,145,85,5120,70,630,45,88.1,3,False
255,Torchic,Achamoアチャモ,Chick Pokémon,fire,None,0.4,2.5,45,60,40,45,70,50,5120,70,310,45,88.1,3,False
256,Combusken,Wakasyamoワカシャモ,Young Fowl Pokémon,fire,fighting,0.9,19.5,60,85,60,55,85,60,5120,70,405,45,88.1,3,False
257,Blaziken,Bursyamoバシャーモ,Blaze Pokémon,fire,fighting,1.9,52.0,80,160,80,100,130,80,5120,70,630,45,88.1,3,False
258,Mudkip,Mizugorouミズゴロウ,Mud Fish Pokémon,water,None,0.4,7.6,50,70,50,40,50,50,5120,70,310,45,88.1,3,False
259,Marshtomp,Numacrawヌマクロー,Mud Fish Pokémon,water,ground,0.7,28.0,70,85,70,50,60,70,5120,70,405,45,88.1,3,False
260,Swampert,Laglargeラグラージ,Mud Fish Pokémon,water,ground,1.5,81.9,100,150,110,70,95,110,5120,70,635,45,88.1,3,False
261,Poochyena,Pochienaポチエナ,Bite Pokémon,dark,None,0.5,13.6,35,55,35,35,30,30,3840,70,220,255,50.0,3,False
262,Mightyena,Graenaグラエナ,Bite Pokémon,dark,None,1.0,37.0,70,90,70,70,60,60,3840,70,420,127,50.0,3,False
263,Zigzagoon,Jiguzagumaジグザグマ,Tiny Racoon Pokémon,normal,None,0.4,17.5,38,30,41,60,30,41,3840,70,240,255,50.0,3,False
264,Linoone,Massugumaマッスグマ,Rush Pokémon,normal,None,0.5,32.5,78,70,61,100,50,61,3840,70,420,90,50.0,3,False
265,Wurmple,Kemussoケムッソ,Worm Pokémon,bug,None,0.3,3.6,45,45,35,20,20,30,3840,70,195,255,50.0,3,False
266,Silcoon,Karasalisカラサリス,Cocoon Pokémon,bug,None,0.6,10.0,50,35,55,15,25,25,3840,70,205,120,50.0,3,False
267,Beautifly,Agehuntアゲハント,Butterfly Pokémon,bug,flying,1.0,28.4,60,70,50,65,100,50,3840,70,395,45,50.0,3,False
268,Cascoon,Mayuldマユルド,Cocoon Pokémon,bug,None,0.7,11.5,50,35,55,15,25,25,3840,70,205,120,50.0,3,False
269,Dustox,Dokucaleドクケイル,Poison Moth Pokémon,bug,poison,1.2,31.6,60,50,70,65,50,90,3840,70,385,45,50.0,3,False
270,Lotad,Hassbohハスボー,Water Weed Pokémon,water,grass,0.5,2.6,40,30,30,30,40,50,3840,70,220,255,50.0,3,False
271,Lombre,Hasubreroハスブレロ,Jolly Pokémon,water,grass,1.2,32.5,60,50,50,50,60,70,3840,70,340,120,50.0,3,False
272,Ludicolo,Runpappaルンパッパ,Carefree Pokémon,water,grass,1.5,55.0,80,70,70,70,90,100,3840,70,480,45,50.0,3,False
273,Seedot,Tanebohタネボー,Acorn Pokémon,grass,None,0.5,4.0,40,40,50,30,30,30,3840,70,220,255,50.0,3,False
274,Nuzleaf,Konohanaコノハナ,Wily Pokémon,grass,dark,1.0,28.0,70,70,40,60,60,40,3840,70,340,120,50.0,3,False
275,Shiftry,Dirtengダーテング,Wickid Pokémon,grass,dark,1.3,59.6,90,100,60,80,90,60,3840,70,480,45,50.0,3,False
276,Taillow,Subameスバメ,TinySwallow Pokémon,normal,flying,0.3,2.3,40,55,30,85,30,30,3840,70,270,200,50.0,3,False
277,Swellow,Ohsubameオオスバメ,Swallow Pokémon,normal,flying,0.7,19.8,60,85,60,125,75,50,3840,70,455,45,50.0,3,False
278,Wingull,Camomeキャモメ,Seagull Pokémon,water,flying,0.6,9.5,40,30,30,85,55,30,5120,70,270,190,50.0,3,False
279,Pelipper,Pelipperペリッパー,Water Bird Pokémon,water,flying,1.2,28.0,60,50,100,65,95,70,5120,70,440,45,50.0,3,False
280,Ralts,Raltsラルトス,Feeling Pokémon,psychic,fairy,0.4,6.6,28,25,25,40,45,35,5120,35,198,235,50.0,3,False
281,Kirlia,Kirliaキルリア,Emotion Pokémon,psychic,fairy,0.8,20.2,38,35,35,50,65,55,5120,35,278,120,50.0,3,False
282,Gardevoir,Sirnightサーナイト,Embrace Pokémon,psychic,fairy,1.6,48.4,68,85,65,100,165,135,5120,35,618,45,50.0,3,False
283,Surskit,Ametamaアメタマ,Pond Skater Pokémon,bug,water,0.5,1.7,40,30,32,65,50,52,3840,70,269,200,50.0,3,False
284,Masquerain,Amemothアメモース,Eyeball Pokémon,bug,flying,0.8,3.6,70,60,62,80,100,82,3840,70,454,75,50.0,3,False
285,Shroomish,Kinococoキノココ,Mushroom Pokémon,grass,None,0.4,4.5,60,40,60,35,40,60,3840,70,295,255,50.0,3,False
286,Breloom,Kinogassaキノガッサ,Mushroom Pokémon,grass,fighting,1.2,39.2,60,130,80,70,60,60,3840,70,460,90,50.0,3,False
287,Slakoth,Namakeroナマケロ,Slacker Pokémon,normal,None,0.8,24.0,60,60,60,30,35,35,3840,70,280,255,50.0,3,False
288,Vigoroth,Yarukimonoヤルキモノ,Wild Monkey Pokémon,normal,None,1.4,46.5,80,80,80,90,55,55,3840,70,440,120,50.0,3,False
289,Slaking,Kekkingケッキング,Lazy Pokémon,normal,None,2.0,130.5,150,160,100,100,95,65,3840,70,670,45,50.0,3,False
290,Nincada,Tutininツチニン,Trainee Pokémon,bug,ground,0.5,5.5,31,45,90,40,30,30,3840,70,266,255,50.0,3,False
291,Ninjask,Tekkaninテッカニン,Ninja Pokémon,bug,flying,0.8,12.0,61,90,45,160,50,50,3840,70,456,120,50.0,3,False
292,Shedinja,Nukeninヌケニン,Shed Pokémon,bug,ghost,0.8,1.2,1,90,45,40,30,30,3840,70,236,45,55.2,3,False
293,Whismur,Gonyonyoゴニョニョ,Whisper Pokémon,normal,None,0.6,16.3,64,51,23,28,51,23,5120,70,240,190,50.0,3,False
294,Loudred,Dogohmbドゴーム,Big Voice Pokémon,normal,None,1.0,40.5,84,71,43,48,71,43,5120,70,360,120,50.0,3,False
295,Exploud,Bakuongバクオング,Loud Noise Pokémon,normal,None,1.5,84.0,104,91,63,68,91,73,5120,70,490,45,50.0,3,False
296,Makuhita,Makunoshitaマクノシタ,Guts Pokémon,fighting,None,1.0,86.4,72,60,30,25,20,30,5120,70,237,180,75.4,3,False
297,Hariyama,Hariteyamaハリテヤマ,Arm Thrust Pokémon,fighting,None,2.3,253.8,144,120,60,50,40,60,5120,70,474,200,75.4,3,False
298,Azurill,Ruririルリリ,Polka Dot Pokémon,normal,fairy,0.2,2.0,50,20,40,20,20,40,2560,70,190,150,24.6,3,False
299,Nosepass,Nosepassノズパス,Compass Pokémon,rock,None,1.0,97.0,30,45,135,30,45,90,5120,70,375,255,50.0,3,False
300,Skitty,Enecoエネコ,Kitten Pokémon,normal,None,0.6,11.0,50,45,45,50,35,35,3840,70,260,255,24.6,3,False
301,Delcatty,Enekororoエネコロロ,Prim Pokémon,normal,None,1.1,32.6,70,65,65,90,55,55,3840,70,400,60,24.6,3,False
302,Sableye,Yamiramiヤミラミ,Darkness Pokémon,dark,ghost,0.5,11.0,50,85,125,20,85,115,6400,35,480,45,50.0,3,False
303,Mawile,Kucheatクチート,Deceiver Pokémon,steel,fairy,0.6,11.5,50,105,125,50,55,95,5120,70,480,45,50.0,3,False
304,Aron,Cokodoraココドラ,Iron Armor Pokémon,steel,rock,0.4,60.0,50,70,100,30,40,40,8960,35,330,180,50.0,3,False
305,Lairon,Kodoraコドラ,Iron Armor Pokémon,steel,rock,0.9,120.0,60,90,140,40,50,50,8960,35,430,90,50.0,3,False
306,Aggron,Bossgodoraボスゴドラ,Iron Armor Pokémon,steel,rock,2.1,360.0,70,140,230,50,60,80,8960,35,630,45,50.0,3,False
307,Meditite,Asananアサナン,Meditate Pokémon,fighting,psychic,0.6,11.2,30,40,55,60,40,55,5120,70,280,180,50.0,3,False
308,Medicham,Charemチャーレム,Meditate Pokémon,fighting,psychic,1.3,31.5,60,100,85,100,80,85,5120,70,510,90,50.0,3,False
309,Electrike,Rakuraiラクライ,Lightning Pokémon,electric,None,0.6,15.2,40,45,40,65,65,40,5120,70,295,120,50.0,3,False
310,Manectric,Livoltライボルト,Discharge Pokémon,electric,None,1.5,40.2,70,75,80,135,135,80,5120,70,575,45,50.0,3,False
311,Plusle,Prasleプラスル,Cheering Pokémon,electric,None,0.4,4.2,60,50,40,95,85,75,5120,70,405,200,50.0,3,False
312,Minun,Minunマイナン,Cheering Pokémon,electric,None,0.4,4.2,60,40,50,95,75,85,5120,70,405,200,50.0,3,False
313,Volbeat,Barubeatバルビート,Firefly Pokémon,bug,None,0.7,17.7,65,73,75,85,47,85,3840,70,430,150,100.0,3,False
314,Illumise,Illumiseイルミーゼ,Firefly Pokémon,bug,None,0.6,17.7,65,47,75,85,73,85,3840,70,430,150,0.0,3,False
315,Roselia,Roseliaロゼリア,Thorn Pokémon,grass,poison,0.3,2.0,50,60,45,65,100,80,5120,70,400,150,50.0,3,False
316,Gulpin,Gokulinゴクリン,Stomach Pokémon,poison,None,0.4,10.3,70,43,53,40,43,53,5120,70,302,225,50.0,3,False
317,Swalot,Marunoomマルノーム,Poison Bag Pokémon,poison,None,1.7,80.0,100,73,83,55,73,83,5120,70,467,75,50.0,3,False
318,Carvanha,Kibanhaキバニア,Savage Pokémon,water,dark,0.8,20.8,45,90,20,65,65,20,5120,35,305,225,50.0,3,False
319,Sharpedo,Samehaderサメハダー,Brutal Pokémon,water,dark,1.8,88.8,70,140,70,105,110,65,5120,35,560,60,50.0,3,False
320,Wailmer,Hoerukoホエルコ,Ball Whale Pokémon,water,None,2.0,130.0,130,70,35,60,70,35,10240,70,400,125,50.0,3,False
321,Wailord,Whalohホエルオー,Float Whale Pokémon,water,None,14.5,398.0,170,90,45,60,90,45,10240,70,500,60,50.0,3,False
322,Numel,Donmelドンメル,Numb Pokémon,fire,ground,0.7,24.0,60,60,40,35,65,45,5120,70,305,255,50.0,3,False
323,Camerupt,Bakuudaバクーダ,Eruption Pokémon,fire,ground,1.9,220.0,70,120,100,20,145,105,5120,70,560,150,50.0,3,False
324,Torkoal,Cotoiseコータス,Coal Pokémon,fire,None,0.5,80.4,70,85,140,20,85,70,5120,70,470,90,50.0,3,False
325,Spoink,Banebooバネブー,Bounce Pokémon,psychic,None,0.7,30.6,60,25,35,60,70,80,5120,70,330,255,50.0,3,False
326,Grumpig,Boopigブーピッグ,Manipulate Pokémon,psychic,None,0.9,71.5,80,45,65,80,90,110,5120,70,470,60,50.0,3,False
327,Spinda,Patcheelパッチール,Spot Panda Pokémon,normal,None,1.1,5.0,60,60,60,60,60,60,3840,70,360,255,50.0,3,False
328,Trapinch,Nuckrarナックラー,Ant Pit Pokémon,ground,None,0.7,15.0,45,100,45,10,45,45,5120,70,290,255,50.0,3,False
329,Vibrava,Vibravaビブラーバ,Vibration Pokémon,ground,dragon,1.1,15.3,50,70,50,70,50,50,5120,70,340,120,50.0,3,False
330,Flygon,Flygonフライゴン,Mystic Pokémon,ground,dragon,2.0,82.0,80,100,80,100,80,80,5120,70,520,45,50.0,3,False
331,Cacnea,Saboneaサボネア,Cactus Pokémon,grass,None,0.4,51.3,50,85,40,35,85,40,5120,35,335,190,50.0,3,False
332,Cacturne,Noctusノクタス,Scarecrow Pokémon,grass,dark,1.3,77.4,70,115,60,55,115,60,5120,35,475,60,50.0,3,False
333,Swablu,Tylttoチルット,Cotton Bird Pokémon,normal,flying,0.4,1.2,45,40,60,50,40,75,5120,70,310,255,50.0,3,False
334,Altaria,Tyltalisチルタリス,Humming Pokémon,dragon,flying,1.1,20.6,75,110,110,80,110,105,5120,70,590,45,50.0,3,False
335,Zangoose,Zangooseザングース,Cat Ferret Pokémon,normal,None,1.3,40.3,73,115,60,90,60,60,5120,70,458,90,50.0,3,False
336,Seviper,Habunakeハブネーク,Fang Snake Pokémon,poison,None,2.7,52.5,73,100,60,65,100,60,5120,70,458,90,50.0,3,False
337,Lunatone,Lunatoneルナトーン,Meteorite Pokémon,rock,psychic,1.0,168.0,90,55,65,70,95,85,6400,70,460,45,55.2,3,False
338,Solrock,Solrockソルロック,Meteorite Pokémon,rock,psychic,1.2,154.0,90,95,85,70,55,65,6400,70,460,45,55.2,3,False
339,Barboach,Dojoachドジョッチ,Whiskers Pokémon,water,ground,0.4,1.9,50,48,43,60,46,41,5120,70,288,190,50.0,3,False
340,Whiscash,Namazunナマズン,Whiskers Pokémon,water,ground,0.9,23.6,110,78,73,60,76,71,5120,70,468,75,50.0,3,False
341,Corphish,Heiganiヘイガニ,Ruffian Pokémon,water,None,0.6,11.5,43,80,65,35,50,35,3840,70,308,205,50.0,3,False
342,Crawdaunt,Shizarigerシザリガー,Rogue Pokémon,water,dark,1.1,32.8,63,120,85,55,90,55,3840,70,468,155,50.0,3,False
343,Baltoy,Yajilonヤジロン,Clay Doll Pokémon,ground,psychic,0.5,21.5,40,40,55,55,40,70,5120,70,300,255,55.2,3,False
344,Claydol,Nendollネンドール,Clay Doll Pokémon,ground,psychic,1.5,108.0,60,70,105,75,70,120,5120,70,500,90,55.2,3,False
345,Lileep,Lilylaリリーラ,Sea Lily Pokémon,rock,grass,1.0,23.8,66,41,77,23,61,87,7680,70,355,45,88.1,3,False
346,Cradily,Yuradleユレイドル,Barnacle Pokémon,rock,grass,1.5,60.4,86,81,97,43,81,107,7680,70,495,45,88.1,3,False
347,Anorith,Anopthアノプス,Old Shrimp Pokémon,rock,bug,0.7,12.5,45,95,50,75,40,50,7680,70,355,45,88.1,3,False
348,Armaldo,Armaldoアーマルド,Plate Pokémon,rock,bug,1.5,68.2,75,125,100,45,70,80,7680,70,495,45,88.1,3,False
349,Feebas,Hinbassヒンバス,Fish Pokémon,water,None,0.6,7.4,20,15,20,80,10,55,5120,70,200,255,50.0,3,False
350,Milotic,Milokarossミロカロス,Tender Pokémon,water,None,6.2,162.0,95,60,79,81,100,125,5120,70,540,60,50.0,3,False
351,Castform,Powalenポワルン,Weather Pokémon,normal,None,0.3,0.8,70,70,70,70,70,70,6400,70,420,45,50.0,3,False
352,Kecleon,Kakureonカクレオン,Color Swap Pokémon,normal,None,1.0,22.0,60,90,70,40,60,120,5120,70,440,200,50.0,3,False
353,Shuppet,Kagebouzuカゲボウズ,Puppet Pokémon,ghost,None,0.6,2.3,44,75,35,45,63,33,6400,35,295,225,50.0,3,False
354,Banette,Juppetaジュペッタ,Marionette Pokémon,ghost,None,1.1,12.5,64,165,75,75,93,83,6400,35,555,45,50.0,3,False
355,Duskull,Yomawaruヨマワル,Requiem Pokémon,ghost,None,0.8,15.0,20,40,90,25,30,90,6400,35,295,190,50.0,3,False
356,Dusclops,Samayouruサマヨール,Beckon Pokémon,ghost,None,1.6,30.6,40,70,130,25,60,130,6400,35,455,90,50.0,3,False
357,Tropius,Tropiusトロピウス,Fruit Pokémon,grass,flying,2.0,100.0,99,68,83,51,72,87,6400,70,460,200,50.0,3,False
358,Chimecho,Chireanチリーン,Wind Chime Pokémon,psychic,None,0.6,1.0,75,50,80,65,95,90,6400,70,455,45,50.0,3,False
359,Absol,Absolアブソル,Disaster Pokémon,dark,None,1.2,47.0,65,150,60,115,115,60,6400,35,565,30,50.0,3,False
360,Wynaut,Sohnanoソーナノ,Bright Pokémon,psychic,None,0.6,14.0,95,23,48,23,23,48,5120,70,260,125,50.0,3,False
361,Snorunt,Yukiwarashiユキワラシ,Snow Hat Pokémon,ice,None,0.7,16.8,50,50,50,50,50,50,5120,70,300,190,50.0,3,False
362,Glalie,Onigohriオニゴーリ,Face Pokémon,ice,None,1.5,256.5,80,120,80,100,120,80,5120,70,580,75,50.0,3,False
363,Spheal,Tamazarashiタマザラシ,Clap Pokémon,ice,water,0.8,39.5,70,40,50,25,55,50,5120,70,290,255,50.0,3,False
364,Sealeo,Todogglerトドグラー,Ball Roll Pokémon,ice,water,1.1,87.6,90,60,70,45,75,70,5120,70,410,120,50.0,3,False
365,Walrein,Todoserugaトドゼルガ,Ice Break Pokémon,ice,water,1.4,150.6,110,80,90,65,95,90,5120,70,530,45,50.0,3,False
366,Clamperl,Pearluluパールル,Bivalve Pokémon,water,None,0.4,52.5,35,64,85,32,74,55,5120,70,345,255,50.0,3,False
367,Huntail,Huntailハンテール,Deep Sea Pokémon,water,None,1.7,27.0,55,104,105,52,94,75,5120,70,485,60,50.0,3,False
368,Gorebyss,Sakurabyssサクラビス,South Sea Pokémon,water,None,1.8,22.6,55,84,105,52,114,75,5120,70,485,60,50.0,3,False
369,Relicanth,Glanthジーランス,Longevity Pokémon,water,rock,1.0,23.4,100,90,130,55,45,65,10240,70,485,25,88.1,3,False
370,Luvdisc,Lovecusラブカス,Rendezvous Pokémon,water,None,0.6,8.7,43,30,55,97,40,65,5120,70,330,225,24.6,3,False
371,Bagon,Tatsubayタツベイ,Rock Head Pokémon,dragon,None,0.6,42.1,45,75,60,50,40,30,10240,35,300,45,50.0,3,False
372,Shelgon,Komoruuコモルー,Endurance Pokémon,dragon,None,1.1,110.5,65,95,100,50,60,50,10240,35,420,45,50.0,3,False
373,Salamence,Bohmanderボーマンダ,Dragon Pokémon,dragon,flying,1.5,102.6,95,145,130,120,120,90,10240,35,700,45,50.0,3,False
374,Beldum,Dumbberダンバル,Iron Ball Pokémon,steel,psychic,0.6,95.2,40,55,80,30,35,60,10240,35,300,3,55.2,3,False
375,Metang,Metangメタング,Iron Claw Pokémon,steel,psychic,1.2,202.5,60,75,100,50,55,80,10240,35,420,3,55.2,3,False
376,Metagross,Metagrossメタグロス,Iron Leg Pokémon,steel,psychic,1.6,550.0,80,145,150,110,105,110,10240,35,700,3,55.2,3,False
377,Regirock,Regirockレジロック,Rock Peak Pokémon,rock,None,1.7,230.0,80,100,200,50,50,100,20480,35,580,3,55.2,3,True
378,Regice,Regiceレジアイス,Iceberg Pokémon,ice,None,1.8,175.0,80,50,100,50,100,200,20480,35,580,3,55.2,3,True
379,Registeel,Registeelレジスチル,Iron Pokémon,steel,None,1.9,205.0,80,75,150,50,75,150,20480,35,580,3,55.2,3,True
380,Latias,Latiasラティアス,Eon Pokémon,dragon,psychic,1.4,40.0,80,100,120,110,140,150,30720,90,700,3,0.0,3,True
381,Latios,Latiosラティオス,Eon Pokémon,dragon,psychic,2.0,60.0,80,130,100,110,160,120,30720,90,700,3,100.0,3,True
382,Kyogre,Kyogreカイオーガ,Sea Basin Pokémon,water,None,4.5,352.0,100,150,90,90,180,160,30720,0,770,3,55.2,3,True
383,Groudon,Groudonグラードン,Continent Pokémon,ground,None,3.5,950.0,100,180,160,90,150,90,30720,0,770,3,55.2,3,True
384,Rayquaza,Rayquazaレックウザ,Sky High Pokémon,dragon,flying,7.0,206.5,105,180,100,115,180,100,30720,0,780,45,55.2,3,True
385,Jirachi,Jirachiジラーチ,Wish Pokémon,steel,psychic,0.3,1.1,100,100,100,100,100,100,30720,100,600,3,55.2,3,True
386,Deoxys,Deoxysデオキシス,DNA Pokémon,psychic,None,1.7,60.8,50,95,90,180,95,90,30720,0,600,3,55.2,3,True
387,Turtwig,Naetleナエトル,Tiny Leaf Pokémon,grass,None,0.4,10.2,55,68,64,31,45,55,5120,70,318,45,88.1,4,False
388,Grotle,Hayashigameハヤシガメ,Grove Pokémon,grass,None,1.1,97.0,75,89,85,36,55,65,5120,70,405,45,88.1,4,False
389,Torterra,Dodaitoseドダイトス,Continent Pokémon,grass,ground,2.2,310.0,95,109,105,56,75,85,5120,70,525,45,88.1,4,False
390,Chimchar,Hikozaruヒコザル,Chimp Pokémon,fire,None,0.5,6.2,44,58,44,61,58,44,5120,70,309,45,88.1,4,False
391,Monferno,Moukazaruモウカザル,Playful Pokémon,fire,fighting,0.9,22.0,64,78,52,81,78,52,5120,70,405,45,88.1,4,False
392,Infernape,Goukazaruゴウカザル,Flame Pokémon,fire,fighting,1.2,55.0,76,104,71,108,104,71,5120,70,534,45,88.1,4,False
393,Piplup,Pochamaポッチャマ,Penguin Pokémon,water,None,0.4,5.2,53,51,53,40,61,56,5120,70,314,45,88.1,4,False
394,Prinplup,Pottaishiポッタイシ,Penguin Pokémon,water,None,0.8,23.0,64,66,68,50,81,76,5120,70,405,45,88.1,4,False
395,Empoleon,Emperteエンペルト,Emperor Pokémon,water,steel,1.7,84.5,84,86,88,60,111,101,5120,70,530,45,88.1,4,False
396,Starly,Mukkuruムックル,Starling Pokémon,normal,flying,0.3,2.0,40,55,30,60,30,30,3840,70,245,255,50.0,4,False
397,Staravia,Mukubirdムクバード,Starling Pokémon,normal,flying,0.6,15.5,55,75,50,80,40,40,3840,70,340,120,50.0,4,False
398,Staraptor,Mukuhawkムクホーク,Predator Pokémon,normal,flying,1.2,24.9,85,120,70,100,50,60,3840,70,485,45,50.0,4,False
399,Bidoof,Bippaビッパ,Plump Mouse Pokémon,normal,None,0.5,20.0,59,45,40,31,35,40,3840,70,250,255,50.0,4,False
400,Bibarel,Beadaruビーダル,Beaver Pokémon,normal,water,1.0,31.5,79,85,60,71,55,60,3840,70,410,127,50.0,4,False
401,Kricketot,Korobohshiコロボーシ,Cricket Pokémon,bug,None,0.3,2.2,37,25,41,25,25,41,3840,70,194,255,50.0,4,False
402,Kricketune,Korotockコロトック,Cricket Pokémon,bug,None,1.0,25.5,77,85,51,65,55,51,3840,70,384,45,50.0,4,False
403,Shinx,Kolinkコリンク,Flash Pokémon,electric,None,0.5,9.5,45,65,34,45,40,34,5120,70,263,235,50.0,4,False
404,Luxio,Luxioルクシオ,Spark Pokémon,electric,None,0.9,30.5,60,85,49,60,60,49,5120,100,363,120,50.0,4,False
405,Luxray,Rentorarレントラー,Gleam Eyes Pokémon,electric,None,1.4,42.0,80,120,79,70,95,79,5120,70,523,45,50.0,4,False
406,Budew,Subomieスボミー,Bud Pokémon,grass,poison,0.2,1.2,40,30,35,55,50,70,5120,70,280,255,50.0,4,False
407,Roserade,Roseradeロズレイド,Bouquet Pokémon,grass,poison,0.9,14.5,60,70,65,90,125,105,5120,70,515,75,50.0,4,False
408,Cranidos,Zugaidosズガイドス,Head Butt Pokémon,rock,None,0.9,31.5,67,125,40,58,30,30,7680,70,350,45,88.1,4,False
409,Rampardos,Rampaldラムパルド,Head Butt Pokémon,rock,None,1.6,102.5,97,165,60,58,65,50,7680,70,495,45,88.1,4,False
410,Shieldon,Tatetopsタテトプス,Shield Pokémon,rock,steel,0.5,57.0,30,42,118,30,42,88,7680,70,350,45,88.1,4,False
411,Bastiodon,Toridepsトリデプス,Shield Pokémon,rock,steel,1.3,149.5,60,52,168,30,47,138,7680,70,495,45,88.1,4,False
412,Burmy,Minomucchiミノムッチ,Bagworm Pokémon,bug,None,0.2,3.4,40,29,45,36,29,45,3840,70,224,120,50.0,4,False
413,Wormadam,Minomadam (kusaki No Mino)ミノマダム,Bagworm Pokémon,bug,grass,0.5,6.5,60,69,95,36,69,95,3840,70,424,45,0.0,4,False
414,Mothim,Gamaleガーメイル,Moth Pokémon,bug,flying,0.9,23.3,70,94,50,66,94,50,3840,70,424,45,100.0,4,False
415,Combee,Mitsuhoneyミツハニー,Tiny Bee Pokémon,bug,flying,0.3,5.5,30,30,42,70,30,42,3840,70,244,120,88.1,4,False
416,Vespiquen,Beequenビークイン,Beehive Pokémon,bug,flying,1.2,38.5,70,80,102,40,80,102,3840,70,474,45,0.0,4,False
417,Pachirisu,Pachirisuパチリス,EleSquirrel Pokémon,electric,None,0.4,3.9,60,45,70,95,45,90,2560,100,405,200,50.0,4,False
418,Buizel,Buoyselブイゼル,Sea Weasel Pokémon,water,None,0.7,29.5,55,65,35,85,60,30,5120,70,330,190,50.0,4,False
419,Floatzel,Floazelフローゼル,Sea Weasel Pokémon,water,None,1.1,33.5,85,105,55,115,85,50,5120,70,495,75,50.0,4,False
420,Cherubi,Cherinboチェリンボ,Cherry Pokémon,grass,None,0.4,3.3,45,35,45,35,62,53,5120,70,275,190,50.0,4,False
421,Cherrim,Cherrimチェリム,Blossom Pokémon,grass,None,0.5,9.3,70,60,70,85,87,78,5120,70,450,75,50.0,4,False
422,Shellos,Karanakushiカラナクシ,Sea Slug Pokémon,water,None,0.3,6.3,76,48,48,34,57,62,5120,70,325,190,50.0,4,False
423,Gastrodon,Tritodonトリトドン,Sea Slug Pokémon,water,ground,0.9,29.9,111,83,68,39,92,82,5120,70,475,75,50.0,4,False
424,Ambipom,Etebothエテボース,Long Tail Pokémon,normal,None,1.2,20.3,75,100,66,115,60,66,5120,100,482,45,50.0,4,False
425,Drifloon,Fuwanteフワンテ,Balloon Pokémon,ghost,flying,0.4,1.2,90,50,34,70,60,44,7680,70,348,125,50.0,4,False
426,Drifblim,Fuwarideフワライド,Blimp Pokémon,ghost,flying,1.2,15.0,150,80,44,80,90,54,7680,70,498,60,50.0,4,False
427,Buneary,Mimirolミミロル,Rabbit Pokémon,normal,None,0.4,5.5,55,66,44,85,44,56,5120,0,350,190,50.0,4,False
428,Lopunny,Mimilopミミロップ,Rabbit Pokémon,normal,None,1.2,33.3,65,136,94,135,54,96,5120,140,580,60,50.0,4,False
429,Mismagius,Mumargiムウマージ,Magical Pokémon,ghost,None,0.9,4.4,60,60,60,105,105,105,6400,35,495,45,50.0,4,False
430,Honchkrow,Dongkarasuドンカラス,Big Boss Pokémon,dark,flying,0.9,27.3,100,125,52,71,105,52,5120,35,505,30,50.0,4,False
431,Glameow,Nyarmarニャルマー,Catty Pokémon,normal,None,0.5,3.9,49,55,42,85,42,37,5120,70,310,190,24.6,4,False
432,Purugly,Bunyattoブニャット,Tiger Cat Pokémon,normal,None,1.0,43.8,71,82,64,112,64,59,5120,70,452,75,24.6,4,False
433,Chingling,Lisyanリーシャン,Bell Pokémon,psychic,None,0.2,0.6,45,30,50,45,65,50,6400,70,285,120,50.0,4,False
434,Stunky,Skunpuuスカンプー,Skunk Pokémon,poison,dark,0.4,19.2,63,63,47,74,41,41,5120,70,329,225,50.0,4,False
435,Skuntank,Skutankスカタンク,Skunk Pokémon,poison,dark,1.0,38.0,103,93,67,84,71,61,5120,70,479,60,50.0,4,False
436,Bronzor,Dohmirrorドーミラー,Bronze Pokémon,steel,psychic,0.5,60.5,57,24,86,23,24,86,5120,70,300,255,55.2,4,False
437,Bronzong,Dohtakunドータクン,Bronze Bell Pokémon,steel,psychic,1.3,187.0,67,89,116,33,79,116,5120,70,500,90,55.2,4,False
438,Bonsly,Usohachiウソハチ,Bonsai Pokémon,rock,None,0.5,15.0,50,80,95,10,10,45,5120,70,290,255,50.0,4,False
439,Mime Jr.,Maneneマネネ,Mime Pokémon,psychic,fairy,0.6,13.0,20,25,45,60,70,90,6400,70,310,145,50.0,4,False
440,Happiny,Pinpukuピンプク,Playhouse Pokémon,normal,None,0.6,24.4,100,5,5,30,15,65,10240,140,220,130,0.0,4,False
441,Chatot,Perapペラップ,Music Note Pokémon,normal,flying,0.5,1.9,76,65,45,91,92,42,5120,35,411,30,50.0,4,False
442,Spiritomb,Mikarugeミカルゲ,Forbidden Pokémon,ghost,dark,1.0,108.0,50,92,108,35,92,108,7680,70,485,100,50.0,4,False
443,Gible,Fukamaruフカマル,Land Shark Pokémon,dragon,ground,0.7,20.5,58,70,45,42,40,45,10240,70,300,45,50.0,4,False
444,Gabite,Gabiteガバイト,Cave Pokémon,dragon,ground,1.4,56.0,68,90,65,82,50,55,10240,70,410,45,50.0,4,False
445,Garchomp,Gaburiasガブリアス,Mach Pokémon,dragon,ground,1.9,95.0,108,170,115,92,120,95,10240,70,700,45,50.0,4,False
446,Munchlax,Gonbeゴンベ,Big Eater Pokémon,normal,None,0.6,105.0,135,85,40,5,40,85,10240,70,390,50,88.1,4,False
447,Riolu,Rioluリオル,Emanation Pokémon,fighting,None,0.7,20.2,40,70,40,60,35,40,6400,70,285,75,88.1,4,False
448,Lucario,Lucarioルカリオ,Aura Pokémon,fighting,steel,1.2,54.0,70,145,88,112,140,70,6400,70,625,45,88.1,4,False
449,Hippopotas,Hippopotasヒポポタス,Hippo Pokémon,ground,None,0.8,49.5,68,72,78,32,38,42,7680,70,330,140,50.0,4,False
450,Hippowdon,Kabaldonカバルドン,Heavyweight Pokémon,ground,None,2.0,300.0,108,112,118,47,68,72,7680,70,525,60,50.0,4,False
451,Skorupi,Scorupiスコルピ,Scorpion Pokémon,poison,bug,0.8,12.0,40,50,90,65,30,55,5120,70,330,120,50.0,4,False
452,Drapion,Dorapionドラピオン,Ogre Scorp Pokémon,poison,dark,1.3,61.5,70,90,110,95,60,75,5120,70,500,45,50.0,4,False
453,Croagunk,Gureggruグレッグル,Toxic Mouth Pokémon,poison,fighting,0.7,23.0,48,61,40,50,61,40,2560,100,300,140,50.0,4,False
454,Toxicroak,Dokurogドクロッグ,Toxic Mouth Pokémon,poison,fighting,1.3,44.4,83,106,65,85,86,65,5120,70,490,75,50.0,4,False
455,Carnivine,Muskippaマスキッパ,Bug Catcher Pokémon,grass,None,1.4,27.0,74,100,72,46,90,72,6400,70,454,200,50.0,4,False
456,Finneon,Keikouoケイコウオ,Wing Fish Pokémon,water,None,0.4,7.0,49,49,56,66,49,61,5120,70,330,190,50.0,4,False
457,Lumineon,Neolantネオラント,Neon Pokémon,water,None,1.2,24.0,69,69,76,91,69,86,5120,70,460,75,50.0,4,False
458,Mantyke,Tamantaタマンタ,Kite Pokémon,water,flying,1.0,65.0,45,20,50,50,60,120,6400,70,345,25,50.0,4,False
459,Snover,Yukikaburiユキカブリ,Frosted Tree Pokémon,grass,ice,1.0,50.5,60,62,50,40,62,60,5120,70,334,120,50.0,4,False
460,Abomasnow,Yukinoohユキノオー,Frosted Tree Pokémon,grass,ice,2.2,135.5,90,132,105,30,132,105,5120,70,594,60,50.0,4,False
461,Weavile,Manyulaマニューラ,Sharp Claw Pokémon,dark,ice,1.1,34.0,70,120,65,125,45,85,5120,35,510,45,50.0,4,False
462,Magnezone,Jibacoilジバコイル,Magnet Area Pokémon,electric,steel,1.2,180.0,70,70,115,60,130,90,5120,70,535,30,55.2,4,False
463,Lickilicky,Berobeltベロベルト,Licking Pokémon,normal,None,1.7,140.0,110,85,95,50,80,95,5120,70,515,30,50.0,4,False
464,Rhyperior,Dosidonドサイドン,Drill Pokémon,ground,rock,2.4,282.8,115,140,130,40,55,55,5120,70,535,30,50.0,4,False
465,Tangrowth,Mojumboモジャンボ,Vine Pokémon,grass,None,2.0,128.6,100,100,125,50,110,50,5120,70,535,30,50.0,4,False
466,Electivire,Elekibleエレキブル,Thunderbolt Pokémon,electric,None,1.8,138.6,75,123,67,95,95,85,6400,70,540,30,75.4,4,False
467,Magmortar,Booburnブーバーン,Blast Pokémon,fire,None,1.6,68.0,75,95,67,83,125,95,6400,70,540,30,75.4,4,False
468,Togekiss,Togekissトゲキッス,Jubilee Pokémon,fairy,flying,1.5,38.0,85,50,95,80,120,115,2560,70,545,30,88.1,4,False
469,Yanmega,Megayanmaメガヤンマ,Ogre Darner Pokémon,bug,flying,1.9,51.5,86,76,86,95,116,56,5120,70,515,30,50.0,4,False
470,Leafeon,Leafiaリーフィア,Verdant Pokémon,grass,None,1.0,25.5,65,110,130,95,60,65,8960,35,525,45,88.1,4,False
471,Glaceon,Glaciaグレイシア,Fresh Snow Pokémon,ice,None,0.8,25.9,65,60,110,65,130,95,8960,35,525,45,88.1,4,False
472,Gliscor,Glionグライオン,Fang Scorp Pokémon,ground,flying,2.0,42.5,75,95,125,95,45,75,5120,70,510,30,50.0,4,False
473,Mamoswine,Mammooマンムー,Twin Tusk Pokémon,ice,ground,2.5,291.0,110,130,80,80,70,60,5120,70,530,50,50.0,4,False
474,Porygon-Z,Porygon-zポリゴンＺ,Virtual Pokémon,normal,None,0.9,34.0,85,80,70,90,135,75,5120,70,535,30,55.2,4,False
475,Gallade,Erureidoエルレイド,Blade Pokémon,psychic,fighting,1.6,52.0,68,165,95,110,65,115,5120,35,618,45,100.0,4,False
476,Probopass,Dainoseダイノーズ,Compass Pokémon,rock,steel,1.4,340.0,60,55,145,40,75,150,5120,70,525,60,50.0,4,False
477,Dusknoir,Yonoirヨノワール,Gripper Pokémon,ghost,None,2.2,106.6,45,100,135,45,65,135,6400,35,525,45,50.0,4,False
478,Froslass,Yukimenokoユキメノコ,Snow Land Pokémon,ice,ghost,1.3,26.6,70,80,70,110,80,70,5120,70,480,75,0.0,4,False
479,Rotom,Rotomロトム,Plasma Pokémon,electric,ghost,0.3,0.3,50,65,107,86,105,107,5120,70,520,45,55.2,4,False
480,Uxie,Yuxieユクシー,Knowledge Pokémon,psychic,None,0.3,0.3,75,75,130,95,75,130,20480,140,580,3,55.2,4,True
481,Mesprit,Emritエムリット,Emotion Pokémon,psychic,None,0.3,0.3,80,105,105,80,105,105,20480,140,580,3,55.2,4,True
482,Azelf,Agnomeアグノム,Willpower Pokémon,psychic,None,0.3,0.3,75,125,70,115,125,70,20480,140,580,3,55.2,4,True
483,Dialga,Dialgaディアルガ,Temporal Pokémon,steel,dragon,5.4,683.0,100,120,120,90,150,100,30720,0,680,3,55.2,4,True
484,Palkia,Palkiaパルキア,Spatial Pokémon,water,dragon,4.2,336.0,90,120,100,100,150,120,30720,0,680,3,55.2,4,True
485,Heatran,Heatranヒードラン,Lava Dome Pokémon,fire,steel,1.7,430.0,91,90,106,77,130,106,2560,100,600,3,50.0,4,True
486,Regigigas,Regigigasレジギガス,Colossal Pokémon,normal,None,3.7,420.0,110,160,110,100,80,110,30720,0,670,3,55.2,4,True
487,Giratina,Giratina (another Forme)ギラティナ,Renegade Pokémon,ghost,dragon,4.5,750.0,150,120,100,90,120,100,30720,0,680,3,55.2,4,True
488,Cresselia,Cresseliaクレセリア,Lunar Pokémon,psychic,None,1.5,85.6,120,70,120,85,75,130,30720,100,600,3,0.0,4,True
489,Phione,Phioneフィオネ,Sea Drifter Pokémon,water,None,0.4,3.1,80,80,80,80,80,80,10240,70,480,30,55.2,4,False
490,Manaphy,Manaphyマナフィ,Seafaring Pokémon,water,None,0.3,1.4,100,100,100,100,100,100,2560,70,600,3,55.2,4,True
491,Darkrai,Darkraiダークライ,Pitch-Black Pokémon,dark,None,1.5,50.5,70,90,90,125,135,90,30720,0,600,3,55.2,4,True
492,Shaymin,Shaymin (sky Forme)シェイミ,Gratitude Pokémon,grass,grass,0.2,2.1,100,103,75,127,120,75,30720,100,600,45,55.2,4,True
493,Arceus,Arceusアルセウス,Alpha Pokémon,normal,None,3.2,320.0,120,120,120,120,120,120,30720,0,720,3,55.2,4,True
494,Victini,Victiniビクティニ,Victory Pokémon,psychic,fire,0.4,4.0,100,100,100,100,100,100,30720,100,600,3,55.2,5,True
495,Snivy,Tsutarjaツタージャ,Grass Snake Pokémon,grass,None,0.6,8.1,45,45,55,63,45,55,5120,70,308,45,88.1,5,False
496,Servine,Janovyジャノビー,Grass Snake Pokémon,grass,None,0.8,16.0,60,60,75,83,60,75,5120,70,413,45,88.1,5,False
497,Serperior,Jalordaジャローダ,Regal Pokémon,grass,None,3.3,63.0,75,75,95,113,75,95,5120,70,528,45,88.1,5,False
498,Tepig,Pokabuポカブ,Fire Pig Pokémon,fire,None,0.5,9.9,65,63,45,45,45,45,5120,70,308,45,88.1,5,False
499,Pignite,Chaobooチャオブー,Fire Pig Pokémon,fire,fighting,1.0,55.5,90,93,55,55,70,55,5120,70,418,45,88.1,5,False
500,Emboar,Enbuohエンブオー,Mega Fire Pig Pokémon,fire,fighting,1.6,150.0,110,123,65,65,100,65,5120,70,528,45,88.1,5,False
501,Oshawott,Mijumaruミジュマル,Sea Otter Pokémon,water,None,0.5,5.9,55,55,45,45,63,45,5120,70,308,45,88.1,5,False
502,Dewott,Futachimaruフタチマル,Discipline Pokémon,water,None,0.8,24.5,75,75,60,60,83,60,5120,70,413,45,88.1,5,False
503,Samurott,Daikenkiダイケンキ,Formidable Pokémon,water,None,1.5,94.6,95,100,85,70,108,70,5120,70,528,45,88.1,5,False
504,Patrat,Minezumiミネズミ,Scout Pokémon,normal,None,0.5,11.6,45,55,39,42,35,39,3840,70,255,255,50.0,5,False
505,Watchog,Miruhogミルホッグ,Lookout Pokémon,normal,None,1.1,27.0,60,85,69,77,60,69,5120,70,420,255,50.0,5,False
506,Lillipup,Yorterrieヨーテリー,Puppy Pokémon,normal,None,0.4,4.1,45,60,45,55,25,45,3840,70,275,255,50.0,5,False
507,Herdier,Herderrieハーデリア,Loyal Dog Pokémon,normal,None,0.9,14.7,65,80,65,60,35,65,3840,70,370,120,50.0,5,False
508,Stoutland,Moolandムーランド,Big-Hearted Pokémon,normal,None,1.2,61.0,85,110,90,80,45,90,3840,70,500,45,50.0,5,False
509,Purrloin,Choronekoチョロネコ,Devious Pokémon,dark,None,0.4,10.1,41,50,37,66,50,37,5120,70,281,255,50.0,5,False
510,Liepard,Lepardasレパルダス,Cruel Pokémon,dark,None,1.1,37.5,64,88,50,106,88,50,5120,70,446,90,50.0,5,False
511,Pansage,Yanappuヤナップ,Grass Monkey Pokémon,grass,None,0.6,10.5,50,53,48,64,53,48,5120,70,316,190,88.1,5,False
512,Simisage,Yanakkieヤナッキー,Thorn Monkey Pokémon,grass,None,1.1,30.5,75,98,63,101,98,63,5120,70,498,75,88.1,5,False
513,Pansear,Baoppuバオップ,High Temp Pokémon,fire,None,0.6,11.0,50,53,48,64,53,48,5120,70,316,190,88.1,5,False
514,Simisear,Baokkieバオッキー,Ember Pokémon,fire,None,1.0,28.0,75,98,63,101,98,63,5120,70,498,75,88.1,5,False
515,Panpour,Hiyappuヒヤップ,Spray Pokémon,water,None,0.6,13.5,50,53,48,64,53,48,5120,70,316,190,88.1,5,False
516,Simipour,Hiyakkieヒヤッキー,Geyser Pokémon,water,None,1.0,29.0,75,98,63,101,98,63,5120,70,498,75,88.1,5,False
517,Munna,Munnaムンナ,Dream Eater Pokémon,psychic,None,0.6,23.3,76,25,45,24,67,55,2560,70,292,190,50.0,5,False
518,Musharna,Musharnaムシャーナ,Drowsing Pokémon,psychic,None,1.1,60.5,116,55,85,29,107,95,2560,70,487,75,50.0,5,False
519,Pidove,Mamepatoマメパト,Tiny Pigeon Pokémon,normal,flying,0.3,2.1,50,55,50,43,36,30,3840,70,264,255,50.0,5,False
520,Tranquill,Hatobohハトーボー,Wild Pigeon Pokémon,normal,flying,0.6,15.0,62,77,62,65,50,42,3840,70,358,120,50.0,5,False
521,Unfezant,Kenhallowケンホロウ,Proud Pokémon,normal,flying,1.2,29.0,80,115,80,93,65,55,3840,70,488,45,50.0,5,False
522,Blitzle,Shimamaシママ,Electrified Pokémon,electric,None,0.8,29.8,45,60,32,76,50,32,5120,70,295,190,50.0,5,False
523,Zebstrika,Zebraikaゼブライカ,Thunderbolt Pokémon,electric,None,1.6,79.5,75,100,63,116,80,63,5120,70,497,75,50.0,5,False
524,Roggenrola,Dangoroダンゴロ,Mantle Pokémon,rock,None,0.4,18.0,55,75,85,15,25,25,3840,70,280,255,50.0,5,False
525,Boldore,Gantleガントル,Ore Pokémon,rock,None,0.9,102.0,70,105,105,20,50,40,3840,70,390,120,50.0,5,False
526,Gigalith,Gigaiathギガイアス,Compressed Pokémon,rock,None,1.7,260.0,85,135,130,25,60,80,3840,70,515,45,50.0,5,False
527,Woobat,Koromoriコロモリ,Bat Pokémon,psychic,flying,0.4,2.1,65,45,43,72,55,43,3840,70,323,190,50.0,5,False
528,Swoobat,Kokoromoriココロモリ,Courting Pokémon,psychic,flying,0.9,10.5,67,57,55,114,77,55,3840,70,425,45,50.0,5,False
529,Drilbur,Mogurewモグリュー,Mole Pokémon,ground,None,0.3,8.5,60,85,40,68,30,45,5120,70,328,120,50.0,5,False
530,Excadrill,Doryuzuドリュウズ,Subterrene Pokémon,ground,steel,0.7,40.4,110,135,60,88,50,65,5120,70,508,60,50.0,5,False
531,Audino,Tabunneタブンネ,Hearing Pokémon,normal,None,1.1,31.0,103,60,126,50,80,126,5120,70,545,255,50.0,5,False
532,Timburr,Dokkorerドッコラー,Muscular Pokémon,fighting,None,0.6,12.5,75,80,55,35,25,35,5120,70,305,180,75.4,5,False
533,Gurdurr,Dotekkotsuドテッコツ,Muscular Pokémon,fighting,None,1.2,40.0,85,105,85,40,40,50,5120,70,405,90,75.4,5,False
534,Conkeldurr,Roubushinローブシン,Muscular Pokémon,fighting,None,1.4,87.0,105,140,95,45,55,65,5120,70,505,45,75.4,5,False
535,Tympole,Otamaroオタマロ,Tadpole Pokémon,water,None,0.5,4.5,50,50,40,64,50,40,5120,70,294,255,50.0,5,False
536,Palpitoad,Gamagaruガマガル,Vibration Pokémon,water,ground,0.8,17.0,75,65,55,69,65,55,5120,70,384,120,50.0,5,False
537,Seismitoad,Gamagerogeガマゲロゲ,Vibration Pokémon,water,ground,1.5,62.0,105,95,75,74,85,75,5120,70,509,45,50.0,5,False
538,Throh,Nagekiナゲキ,Judo Pokémon,fighting,None,1.3,55.5,120,100,85,45,30,85,5120,70,465,45,100.0,5,False
539,Sawk,Dagekiダゲキ,Karate Pokémon,fighting,None,1.4,51.0,75,125,75,85,30,75,5120,70,465,45,100.0,5,False
540,Sewaddle,Kurumiruクルミル,Sewing Pokémon,bug,grass,0.3,2.5,45,53,70,42,40,60,3840,70,310,255,50.0,5,False
541,Swadloon,Kurumayuクルマユ,Leaf-Wrapped Pokémon,bug,grass,0.5,7.3,55,63,90,42,50,80,3840,70,380,120,50.0,5,False
542,Leavanny,Hahakomoriハハコモリ,Nurturing Pokémon,bug,grass,1.2,20.5,75,103,80,92,70,80,3840,70,500,45,50.0,5,False
543,Venipede,Fushideフシデ,Centipede Pokémon,bug,poison,0.4,5.3,30,45,59,57,30,39,3840,70,260,255,50.0,5,False
544,Whirlipede,Wheegaホイーガ,Curlipede Pokémon,bug,poison,1.2,58.5,40,55,99,47,40,79,3840,70,360,120,50.0,5,False
545,Scolipede,Pendrorペンドラー,Megapede Pokémon,bug,poison,2.5,200.5,60,100,89,112,55,69,5120,70,485,45,50.0,5,False
546,Cottonee,Monmenモンメン,Cotton Puff Pokémon,grass,fairy,0.3,0.6,40,27,60,66,37,50,5120,70,280,190,50.0,5,False
547,Whimsicott,Elfuunエルフーン,Windveiled Pokémon,grass,fairy,0.7,6.6,60,67,85,116,77,75,5120,70,480,75,50.0,5,False
548,Petilil,Churineチュリネ,Bulb Pokémon,grass,None,0.5,6.6,45,35,50,30,70,50,5120,70,280,190,0.0,5,False
549,Lilligant,Dredearドレディア,Flowering Pokémon,grass,None,1.1,16.3,70,60,75,90,110,75,5120,70,480,75,0.0,5,False
550,Basculin,Bassraoバスラオ,Hostile Pokémon,water,None,1.0,18.0,70,92,65,98,80,55,10240,70,460,25,50.0,5,False
551,Sandile,Megurocoメグロコ,Desert Croc Pokémon,ground,dark,0.7,15.2,50,72,35,65,35,35,5120,70,292,180,50.0,5,False
552,Krokorok,Waruvileワルビル,Desert Croc Pokémon,ground,dark,1.0,33.4,60,82,45,74,45,45,5120,70,351,90,50.0,5,False
553,Krookodile,Waruvialワルビアル,Intimidation Pokémon,ground,dark,1.5,96.3,95,117,80,92,65,70,5120,70,519,45,50.0,5,False
554,Darumaka,Darumakkaダルマッカ,Zen Charm Pokémon,fire,None,0.6,37.5,70,90,45,50,15,45,5120,70,315,120,50.0,5,False
555,Darmanitan,Hihidarumaヒヒダルマ,Blazing Pokémon,fire,fire,1.3,92.9,105,30,105,55,140,105,5120,70,540,60,50.0,5,False
556,Maractus,Maracacchiマラカッチ,Cactus Pokémon,grass,None,1.0,28.0,75,86,67,60,106,67,5120,70,461,255,50.0,5,False
557,Dwebble,Ishizumaiイシズマイ,Rock Inn Pokémon,bug,rock,0.3,14.5,50,65,85,55,35,35,5120,70,325,190,50.0,5,False
558,Crustle,Iwapalaceイワパレス,Stone Home Pokémon,bug,rock,1.4,200.0,70,105,125,45,65,75,5120,70,485,75,50.0,5,False
559,Scraggy,Zurugguズルッグ,Shedding Pokémon,dark,fighting,0.6,11.8,50,75,70,48,35,70,3840,35,348,180,50.0,5,False
560,Scrafty,Zuruzukinズルズキン,Hoodlum Pokémon,dark,fighting,1.1,30.0,65,90,115,58,45,115,3840,70,488,90,50.0,5,False
561,Sigilyph,Symbolerシンボラー,Avianoid Pokémon,psychic,flying,1.4,14.0,72,58,80,97,103,80,5120,70,490,45,50.0,5,False
562,Yamask,Desumasuデスマス,Spirit Pokémon,ghost,None,0.5,1.5,38,30,85,30,55,65,6400,70,303,190,50.0,5,False
563,Cofagrigus,Desukarnデスカーン,Coffin Pokémon,ghost,None,1.7,76.5,58,50,145,30,95,105,6400,70,483,90,50.0,5,False
564,Tirtouga,Protogaプロトーガ,Prototurtle Pokémon,water,rock,0.7,16.5,54,78,103,22,53,45,7680,70,355,45,88.1,5,False
565,Carracosta,Abagouraアバゴーラ,Prototurtle Pokémon,water,rock,1.2,81.0,74,108,133,32,83,65,7680,70,495,45,88.1,5,False
566,Archen,Archenアーケン,First Bird Pokémon,rock,flying,0.5,9.5,55,112,45,70,74,45,7680,70,401,45,88.1,5,False
567,Archeops,Archeosアーケオス,First Bird Pokémon,rock,flying,1.4,32.0,75,140,65,110,112,65,7680,70,567,45,88.1,5,False
568,Trubbish,Yabukuronヤブクロン,Trash Bag Pokémon,poison,None,0.6,31.0,50,50,62,65,40,62,5120,70,329,190,50.0,5,False
569,Garbodor,Dustdasダストダス,Trash Heap Pokémon,poison,None,1.9,107.3,80,95,82,75,60,82,5120,70,474,60,50.0,5,False
570,Zorua,Zoruaゾロア,Tricky Fox Pokémon,dark,None,0.7,12.5,40,65,40,65,80,40,6400,70,330,75,88.1,5,False
571,Zoroark,Zoroarkゾロアーク,Illusion Fox Pokémon,dark,None,1.6,81.1,60,105,60,105,120,60,5120,70,510,45,88.1,5,False
572,Minccino,Chillarmyチラーミィ,Chinchilla Pokémon,normal,None,0.4,5.8,55,50,40,75,40,40,3840,70,300,255,24.6,5,False
573,Cinccino,Chillaccinoチラチーノ,Scarf Pokémon,normal,None,0.5,7.5,75,95,60,115,65,60,3840,70,470,60,24.6,5,False
574,Gothita,Gothimuゴチム,Fixation Pokémon,psychic,None,0.4,5.8,45,30,50,45,55,65,5120,70,290,200,24.6,5,False
575,Gothorita,Gothimiruゴチミル,Manipulate Pokémon,psychic,None,0.7,18.0,60,45,70,55,75,85,5120,70,390,100,24.6,5,False
576,Gothitelle,Gothiruselleゴチルゼル,Astral Body Pokémon,psychic,None,1.5,44.0,70,55,95,65,95,110,5120,70,490,50,24.6,5,False
577,Solosis,Uniranユニラン,Cell Pokémon,psychic,None,0.3,1.0,45,30,40,20,105,50,5120,70,290,200,50.0,5,False
578,Duosion,Doublanダブラン,Mitosis Pokémon,psychic,None,0.6,8.0,65,40,50,30,125,60,5120,70,370,100,50.0,5,False
579,Reuniclus,Lanculusランクルス,Multiplying Pokémon,psychic,None,1.0,20.1,110,65,75,30,125,85,5120,70,490,50,50.0,5,False
580,Ducklett,Koaruhieコアルヒー,Water Bird Pokémon,water,flying,0.5,5.5,62,44,50,55,44,50,5120,70,305,190,50.0,5,False
581,Swanna,Swannaスワンナ,White Bird Pokémon,water,flying,1.3,24.2,75,87,63,98,87,63,5120,70,473,45,50.0,5,False
582,Vanillite,Vanipetiバニプッチ,Fresh Snow Pokémon,ice,None,0.4,5.7,36,50,50,44,65,60,5120,70,305,255,50.0,5,False
583,Vanillish,Vanirichバニリッチ,Icy Snow Pokémon,ice,None,1.1,41.0,51,65,65,59,80,75,5120,70,395,120,50.0,5,False
584,Vanilluxe,Baivanillaバイバニラ,Snowstorm Pokémon,ice,None,1.3,57.5,71,95,85,79,110,95,5120,70,535,45,50.0,5,False
585,Deerling,Shikijikaシキジカ,Season Pokémon,normal,grass,0.6,19.5,60,60,50,75,40,50,5120,70,335,190,50.0,5,False
586,Sawsbuck,Mebukijikaメブキジカ,Season Pokémon,normal,grass,1.9,92.5,80,100,70,95,60,70,5120,70,475,75,50.0,5,False
587,Emolga,Emongaエモンガ,Sky Squirrel Pokémon,electric,flying,0.4,5.0,55,75,60,103,75,60,5120,70,428,200,50.0,5,False
588,Karrablast,Kaburumoカブルモ,Clamping Pokémon,bug,None,0.5,5.9,50,75,45,60,40,45,3840,70,315,200,50.0,5,False
589,Escavalier,Chevargoシュバルゴ,Cavalry Pokémon,bug,steel,1.0,33.0,70,135,105,20,60,105,3840,70,495,75,50.0,5,False
590,Foongus,Tamagetakeタマゲタケ,Mushroom Pokémon,grass,poison,0.2,1.0,69,55,45,15,55,55,5120,70,294,190,50.0,5,False
591,Amoonguss,Morobareruモロバレル,Mushroom Pokémon,grass,poison,0.6,10.5,114,85,70,30,85,80,5120,70,464,75,50.0,5,False
592,Frillish,Pururillプルリル,Floating Pokémon,water,ghost,1.2,33.0,55,40,50,40,65,85,5120,70,335,190,50.0,5,False
593,Jellicent,Burungelブルンゲル,Floating Pokémon,water,ghost,2.2,135.0,100,60,70,60,85,105,5120,70,480,60,50.0,5,False
594,Alomomola,Mamanbouママンボウ,Caring Pokémon,water,None,1.2,31.6,165,75,80,65,40,45,10240,70,470,75,50.0,5,False
595,Joltik,Bachuruバチュル,Attaching Pokémon,bug,electric,0.1,0.6,50,47,50,65,57,50,5120,70,319,190,50.0,5,False
596,Galvantula,Dentulaデンチュラ,EleSpider Pokémon,bug,electric,0.8,14.3,70,77,60,108,97,60,5120,70,472,75,50.0,5,False
597,Ferroseed,Tesseedテッシード,Thorn Seed Pokémon,grass,steel,0.6,18.8,44,50,91,10,24,86,5120,70,305,255,50.0,5,False
598,Ferrothorn,Nutreyナットレイ,Thorn Pod Pokémon,grass,steel,1.0,110.0,74,94,131,20,54,116,5120,70,489,90,50.0,5,False
599,Klink,Giaruギアル,Gear Pokémon,steel,None,0.3,21.0,40,55,70,30,45,60,5120,70,300,130,55.2,5,False
600,Klang,Gigiaruギギアル,Gear Pokémon,steel,None,0.6,51.0,60,80,95,50,70,85,5120,70,440,60,55.2,5,False
601,Klinklang,Gigigiaruギギギアル,Gear Pokémon,steel,None,0.6,81.0,60,100,115,90,70,85,5120,70,520,30,55.2,5,False
602,Tynamo,Shibishirasuシビシラス,EleFish Pokémon,electric,None,0.2,0.3,35,55,40,60,45,40,5120,70,275,190,50.0,5,False
603,Eelektrik,Shibibeelシビビール,EleFish Pokémon,electric,None,1.2,22.0,65,85,70,40,75,70,5120,70,405,60,50.0,5,False
604,Eelektross,Shibirudonシビルドン,EleFish Pokémon,electric,None,2.1,80.5,85,115,80,50,105,80,5120,70,515,30,50.0,5,False
605,Elgyem,Ligrayリグレー,Cerebral Pokémon,psychic,None,0.5,9.0,55,55,55,30,85,55,5120,70,335,255,50.0,5,False
606,Beheeyem,Ohbemオーベム,Cerebral Pokémon,psychic,None,1.0,34.5,75,75,75,40,125,95,5120,70,485,90,50.0,5,False
607,Litwick,Hitomoshiヒトモシ,Candle Pokémon,ghost,fire,0.3,3.1,50,30,55,20,65,55,5120,70,275,190,50.0,5,False
608,Lampent,Lamplerランプラー,Lamp Pokémon,ghost,fire,0.6,13.0,60,40,60,55,95,60,5120,70,370,90,50.0,5,False
609,Chandelure,Chandelaシャンデラ,Luring Pokémon,ghost,fire,1.0,34.3,60,55,90,80,145,90,5120,70,520,45,50.0,5,False
610,Axew,Kibagoキバゴ,Tusk Pokémon,dragon,None,0.6,18.0,46,87,60,57,30,40,10240,35,320,75,50.0,5,False
611,Fraxure,Onondoオノンド,Axe Jaw Pokémon,dragon,None,1.0,36.0,66,117,70,67,40,50,10240,35,410,60,50.0,5,False
612,Haxorus,Ononokusオノノクス,Axe Jaw Pokémon,dragon,None,1.8,105.5,76,147,90,97,60,70,10240,35,540,45,50.0,5,False
613,Cubchoo,Kumasyunクマシュン,Chill Pokémon,ice,None,0.5,8.5,55,70,40,40,60,40,5120,70,305,120,50.0,5,False
614,Beartic,Tunbearツンベアー,Freezing Pokémon,ice,None,2.6,260.0,95,130,80,50,70,80,5120,70,505,60,50.0,5,False
615,Cryogonal,Freegeoフリージオ,Crystallizing Pokémon,ice,None,1.1,148.0,80,50,50,105,95,135,6400,70,515,25,55.2,5,False
616,Shelmet,Chobomakiチョボマキ,Snail Pokémon,bug,None,0.4,7.7,50,40,85,25,40,65,3840,70,305,200,50.0,5,False
617,Accelgor,Agilderアギルダー,Shell Out Pokémon,bug,None,0.8,25.3,80,70,40,145,100,60,3840,70,495,75,50.0,5,False
618,Stunfisk,Maggyoマッギョ,Trap Pokémon,ground,electric,0.7,11.0,109,66,84,32,81,99,5120,70,471,75,50.0,5,False
619,Mienfoo,Kojofuコジョフー,Martial Arts Pokémon,fighting,None,0.9,20.0,45,85,50,65,55,50,6400,70,350,180,50.0,5,False
620,Mienshao,Kojondoコジョンド,Martial Arts Pokémon,fighting,None,1.4,35.5,65,125,60,105,95,60,6400,70,510,45,50.0,5,False
621,Druddigon,Crimganクリムガン,Cave Pokémon,dragon,None,1.6,139.0,77,120,90,48,60,90,7680,70,485,45,50.0,5,False
622,Golett,Gobitゴビット,Automaton Pokémon,ground,ghost,1.0,92.0,59,74,50,35,35,50,6400,70,303,190,55.2,5,False
623,Golurk,Goloogゴルーグ,Automaton Pokémon,ground,ghost,2.8,330.0,89,124,80,55,55,80,6400,70,483,90,55.2,5,False
624,Pawniard,Komatanaコマタナ,Sharp Blade Pokémon,dark,steel,0.5,10.2,45,85,70,60,40,40,5120,35,340,120,50.0,5,False
625,Bisharp,Kirikizanキリキザン,Sword Blade Pokémon,dark,steel,1.6,70.0,65,125,100,70,60,70,5120,35,490,45,50.0,5,False
626,Bouffalant,Buffronバッフロン,Bash Buffalo Pokémon,normal,None,1.6,94.6,95,110,95,55,40,95,5120,70,490,45,50.0,5,False
627,Rufflet,Washibonワシボン,Eaglet Pokémon,normal,flying,0.5,10.5,70,83,50,60,37,50,5120,70,350,190,100.0,5,False
628,Braviary,Warrgleウォーグル,Valiant Pokémon,normal,flying,1.5,41.0,100,123,75,80,57,75,5120,70,510,60,100.0,5,False
629,Vullaby,Valchaiバルチャイ,Diapered Pokémon,dark,flying,0.5,9.0,70,55,75,60,45,65,5120,35,370,190,0.0,5,False
630,Mandibuzz,Vulginaバルジーナ,Bone Vulture Pokémon,dark,flying,1.2,39.5,110,65,105,80,55,95,5120,35,510,60,0.0,5,False
631,Heatmor,Kuitaranクイタラン,Anteater Pokémon,fire,None,1.4,58.0,85,97,66,65,105,66,5120,70,484,90,50.0,5,False
632,Durant,Aiantアイアント,Iron Ant Pokémon,bug,steel,0.3,33.0,58,109,112,109,48,48,5120,70,484,90,50.0,5,False
633,Deino,Monozuモノズ,Irate Pokémon,dark,dragon,0.8,17.3,52,65,50,38,45,50,10240,35,300,45,50.0,5,False
634,Zweilous,Diheadジヘッド,Hostile Pokémon,dark,dragon,1.4,50.0,72,85,70,58,65,70,10240,35,420,45,50.0,5,False
635,Hydreigon,Sazandoraサザンドラ,Brutal Pokémon,dark,dragon,1.8,160.0,92,105,90,98,125,90,10240,35,600,45,50.0,5,False
636,Larvesta,Merlarvaメラルバ,Torch Pokémon,bug,fire,1.1,28.8,55,85,55,60,50,55,10240,70,360,45,50.0,5,False
637,Volcarona,Ulgamothウルガモス,Sun Pokémon,bug,fire,1.6,46.0,85,60,65,100,135,105,10240,70,550,15,50.0,5,False
638,Cobalion,Cobalonコバルオン,Iron Will Pokémon,steel,fighting,2.1,250.0,91,90,129,108,90,72,20480,35,580,3,55.2,5,True
639,Terrakion,Terrakionテラキオン,Cavern Pokémon,rock,fighting,1.9,260.0,91,129,90,108,72,90,20480,35,580,3,55.2,5,True
640,Virizion,Virizionビリジオン,Grassland Pokémon,grass,fighting,2.0,200.0,91,90,72,108,90,129,20480,35,580,3,55.2,5,True
641,Tornadus,Tornelos (keshin Forme)トルネロス,Cyclone Pokémon,flying,None,1.5,63.0,79,100,80,121,110,90,30720,90,580,3,100.0,5,True
642,Thundurus,Voltolos (keshin Forme)ボルトロス,Bolt Strike Pokémon,electric,flying,1.5,61.0,79,105,70,101,145,80,30720,90,580,3,100.0,5,True
643,Reshiram,Reshiramレシラム,Vast White Pokémon,dragon,fire,3.2,330.0,100,120,100,90,150,120,30720,0,680,3,55.2,5,True
644,Zekrom,Zekromゼクロム,Deep Black Pokémon,dragon,electric,2.9,345.0,100,150,120,90,120,100,30720,0,680,3,55.2,5,True
645,Landorus,Landlos (keshin Forme)ランドロス,Abundance Pokémon,ground,flying,1.5,68.0,89,145,90,91,105,80,30720,90,600,3,100.0,5,True
646,Kyurem,Kyuremキュレム,Boundary Pokémon,dragon,ice,3.0,325.0,125,120,90,95,170,100,30720,0,700,3,55.2,5,True
647,Keldeo,Keldeo (itsumo No Sugata)ケルディオ,Colt Pokémon,water,fighting,1.4,48.5,91,72,90,108,129,90,20480,35,580,3,55.2,5,True
648,Meloetta,Meloetta (step Forme)メロエッタ,Melody Pokémon,normal,psychic,0.6,6.5,100,128,90,128,77,77,30720,100,600,3,55.2,5,True
649,Genesect,Genesectゲノセクト,Paleozoic Pokémon,bug,steel,1.5,82.5,71,120,95,99,120,95,30720,0,600,3,55.2,5,True
650,Chespin,Harimaronハリマロン,Spiky Nut Pokémon,grass,None,0.4,9.0,56,61,65,38,48,45,5120,70,313,45,88.1,6,False
651,Quilladin,Hariborgハリボーグ,Spiny Armor Pokémon,grass,None,0.7,29.0,61,78,95,57,56,58,5120,70,405,45,88.1,6,False
652,Chesnaught,Brigarronブリガロン,Spiny Armor Pokémon,grass,fighting,1.6,90.0,88,107,122,64,74,75,5120,70,530,45,88.1,6,False
653,Fennekin,Fokkoフォッコ,Fox Pokémon,fire,None,0.4,9.4,40,45,40,60,62,60,5120,70,307,45,88.1,6,False
654,Braixen,Tairenarテールナー,Fox Pokémon,fire,None,1.0,14.5,59,59,58,73,90,70,5120,70,409,45,88.1,6,False
655,Delphox,Mahoxyマフォクシー,Fox Pokémon,fire,psychic,1.5,39.0,75,69,72,104,114,100,5120,70,534,45,88.1,6,False
656,Froakie,Keromatsuケロマツ,Bubble Frog Pokémon,water,None,0.3,7.0,41,56,40,71,62,44,5120,70,314,45,88.1,6,False
657,Frogadier,Gekogashiraゲコガシラ,Bubble Frog Pokémon,water,None,0.6,10.9,54,63,52,97,83,56,5120,70,405,45,88.1,6,False
658,Greninja,Gekkougaゲッコウガ,Ninja Pokémon,water,dark,1.5,40.0,72,145,67,132,153,71,5120,70,640,45,88.1,6,False
659,Bunnelby,Horubeeホルビー,Digging Pokémon,normal,None,0.4,5.0,38,36,38,57,32,36,3840,70,237,255,50.0,6,False
660,Diggersby,Horudoホルード,Digging Pokémon,normal,ground,1.0,42.4,85,56,77,78,50,77,3840,70,423,127,50.0,6,False
661,Fletchling,Yayakomaヤヤコマ,Tiny Robin Pokémon,normal,flying,0.3,1.7,45,50,43,62,40,38,3840,70,278,255,50.0,6,False
662,Fletchinder,Hinoyakomaヒノヤコマ,Ember Pokémon,fire,flying,0.7,16.0,62,73,55,84,56,52,3840,70,382,120,50.0,6,False
663,Talonflame,Fiarrowファイアロー,Scorching Pokémon,fire,flying,1.2,24.5,78,81,71,126,74,69,3840,70,499,45,50.0,6,False
664,Scatterbug,Kofukimushiコフキムシ,Scatterdust Pokémon,bug,None,0.3,2.5,38,35,40,35,27,25,3840,70,200,255,50.0,6,False
665,Spewpa,Kofuuraiコフーライ,Scatterdust Pokémon,bug,None,0.3,8.4,45,22,60,29,27,30,3840,70,213,120,50.0,6,False
666,Vivillon,Viviyonビビヨン,Scale Pokémon,bug,flying,1.2,17.0,80,52,50,89,90,50,3840,70,411,45,50.0,6,False
667,Litleo,Shishikoシシコ,Lion Cub Pokémon,fire,normal,0.6,13.5,62,50,58,72,73,54,5120,70,369,220,11.2,6,False
668,Pyroar,Kaenjishiカエンジシ,Royal Pokémon,fire,normal,1.5,81.5,86,68,72,106,109,66,5120,70,507,65,11.2,6,False
669,Flabébé,Flabebeフラベベ,Single Bloom Pokémon,fairy,None,0.1,0.1,44,38,39,42,61,79,5120,70,303,225,0.0,6,False
670,Floette,Floetteフラエッテ,Fairy Pokémon,fairy,None,0.2,0.9,74,65,67,92,125,128,5120,70,551,120,0.0,6,False
671,Florges,Florgesフラージェス,Garden Pokémon,fairy,None,1.1,10.0,78,65,68,75,112,154,5120,70,552,45,0.0,6,False
672,Skiddo,Meecleメェークル,Mount Pokémon,grass,None,0.9,31.0,66,65,48,52,62,57,5120,70,350,200,50.0,6,False
673,Gogoat,Gogoatゴーゴート,Mount Pokémon,grass,None,1.7,91.0,123,100,62,68,97,81,5120,70,531,45,50.0,6,False
674,Pancham,Yanchamヤンチャム,Playful Pokémon,fighting,None,0.6,8.0,67,82,62,43,46,48,6400,70,348,220,50.0,6,False
675,Pangoro,Gorondaゴロンダ,Daunting Pokémon,fighting,dark,2.1,136.0,95,124,78,58,69,71,6400,70,495,65,50.0,6,False
676,Furfrou,Trimmienトリミアン,Poodle Pokémon,normal,None,1.2,28.0,75,80,60,102,65,90,5120,70,472,160,50.0,6,False
677,Espurr,Nyasperニャスパー,Restraint Pokémon,psychic,None,0.3,3.5,62,48,54,68,63,60,5120,70,355,190,50.0,6,False
678,Meowstic,Nyaonixニャオニクス,Constraint Pokémon,psychic,None,0.6,8.5,74,48,76,104,83,81,5120,70,466,75,50.0,6,False
679,Honedge,Hitotsukiヒトツキ,Sword Pokémon,steel,ghost,0.8,2.0,45,80,100,28,35,37,5120,70,325,180,50.0,6,False
680,Doublade,Nidangillニダンギル,Sword Pokémon,steel,ghost,0.8,4.5,59,110,150,35,45,49,5120,70,448,90,50.0,6,False
681,Aegislash,Gillgardギルガルド,Royal Sword Pokémon,steel,ghost,1.7,53.0,60,150,50,60,150,50,5120,70,520,45,50.0,6,False
682,Spritzee,Shushupuシュシュプ,Perfume Pokémon,fairy,None,0.2,0.5,78,52,60,23,63,65,5120,70,341,200,50.0,6,False
683,Aromatisse,Frefuwanフレフワン,Fragrance Pokémon,fairy,None,0.8,15.5,101,72,72,29,99,89,5120,70,462,140,50.0,6,False
684,Swirlix,Peroppafuペロッパフ,Cotton Candy Pokémon,fairy,None,0.4,3.5,62,48,66,49,59,57,5120,70,341,200,50.0,6,False
685,Slurpuff,Peroreamペロリーム,Meringue Pokémon,fairy,None,0.8,5.0,82,80,86,72,85,75,5120,70,480,140,50.0,6,False
686,Inkay,Maaiikaマーイーカ,Revolving Pokémon,dark,psychic,0.4,3.5,53,54,53,45,37,46,5120,70,288,190,50.0,6,False
687,Malamar,Calamaneroカラマネロ,Overturning Pokémon,dark,psychic,1.5,47.0,86,92,88,73,68,75,5120,70,482,80,50.0,6,False
688,Binacle,Kameteteカメテテ,Two-Handed Pokémon,rock,water,0.5,31.0,42,52,67,50,39,56,5120,70,306,120,50.0,6,False
689,Barbaracle,Gamenodesガメノデス,Collective Pokémon,rock,water,1.3,96.0,72,105,115,68,54,86,5120,70,500,45,50.0,6,False
690,Skrelp,Kuzumoクズモー,Mock Kelp Pokémon,poison,water,0.5,7.3,50,60,60,30,60,60,5120,70,320,225,50.0,6,False
691,Dragalge,Dramidoroドラミドロ,Mock Kelp Pokémon,poison,dragon,1.8,81.5,65,75,90,44,97,123,5120,70,494,55,50.0,6,False
692,Clauncher,Udeppouウデッポウ,Water Gun Pokémon,water,None,0.5,8.3,50,53,62,44,58,63,3840,70,330,225,50.0,6,False
693,Clawitzer,Blosterブロスター,Howitzer Pokémon,water,None,1.3,35.3,71,73,88,59,120,89,3840,70,500,55,50.0,6,False
694,Helioptile,Erikiteruエリキテル,Generator Pokémon,electric,normal,0.5,6.0,44,38,33,70,61,43,5120,70,289,190,50.0,6,False
695,Heliolisk,Elezardエレザード,Generator Pokémon,electric,normal,1.0,21.0,62,55,52,109,109,94,5120,70,481,75,50.0,6,False
696,Tyrunt,Chigorasチゴラス,Royal Heir Pokémon,rock,dragon,0.8,26.0,58,89,77,48,45,45,7680,70,362,45,88.1,6,False
697,Tyrantrum,Gachigorasガチゴラス,Despot Pokémon,rock,dragon,2.5,270.0,82,121,119,71,69,59,7680,70,521,45,88.1,6,False
698,Amaura,Amarusアマルス,Tundra Pokémon,rock,ice,1.3,25.2,77,59,50,46,67,63,7680,70,362,45,88.1,6,False
699,Aurorus,Amarurugaアマルルガ,Tundra Pokémon,rock,ice,2.7,225.0,123,77,72,58,99,92,7680,70,521,45,88.1,6,False
700,Sylveon,Nymphiaニンフィア,Intertwining Pokémon,fairy,None,1.0,23.5,95,65,65,60,110,130,8960,70,525,45,88.1,6,False
701,Hawlucha,Luchabullルチャブル,Wrestling Pokémon,fighting,flying,0.8,21.5,78,92,75,118,74,63,5120,70,500,100,50.0,6,False
702,Dedenne,Dedenneデデンネ,Antenna Pokémon,electric,fairy,0.2,2.2,67,58,57,101,81,67,5120,70,431,180,50.0,6,False
703,Carbink,Melecieメレシー,Jewel Pokémon,rock,fairy,0.3,5.7,50,50,150,50,50,150,6400,70,500,60,55.2,6,False
704,Goomy,Numeraヌメラ,Soft Tissue Pokémon,dragon,None,0.3,2.8,45,50,35,40,55,75,10240,35,300,45,50.0,6,False
705,Sliggoo,Numeilヌメイル,Soft Tissue Pokémon,dragon,None,0.8,17.5,68,75,53,60,83,113,10240,35,452,45,50.0,6,False
706,Goodra,Numelgonヌメルゴン,Dragon Pokémon,dragon,None,2.0,150.5,90,100,70,80,110,150,10240,35,600,45,50.0,6,False
707,Klefki,Cleffyクレッフィ,Key Ring Pokémon,steel,fairy,0.2,3.0,57,80,91,75,80,87,5120,70,470,75,50.0,6,False
708,Phantump,Bokureiボクレー,Stump Pokémon,ghost,grass,0.4,7.0,43,70,48,38,50,60,5120,70,309,120,50.0,6,False
709,Trevenant,Ohrotオーロット,Elder Tree Pokémon,ghost,grass,1.5,71.0,85,110,76,56,65,82,5120,70,474,60,50.0,6,False
710,Pumpkaboo,Bakecchaバケッチャ,Pumpkin Pokémon,ghost,grass,0.8,15.0,59,66,70,41,44,55,5120,70,335,120,50.0,6,False
711,Gourgeist,Pumpjinパンプジン,Pumpkin Pokémon,ghost,grass,1.7,39.0,85,100,122,54,58,75,5120,70,494,60,50.0,6,False
712,Bergmite,Kachikohruカチコール,Ice Chunk Pokémon,ice,None,1.0,99.5,55,69,85,28,32,35,5120,70,304,190,50.0,6,False
713,Avalugg,Crebaseクレベース,Iceberg Pokémon,ice,None,2.0,505.0,95,117,184,28,44,46,5120,70,514,55,50.0,6,False
714,Noibat,Onbatオンバット,Sound Wave Pokémon,flying,dragon,0.5,8.0,40,30,35,55,45,40,5120,70,245,190,50.0,6,False
715,Noivern,Onvernオンバーン,Sound Wave Pokémon,flying,dragon,1.5,85.0,85,70,80,123,97,80,5120,70,535,45,50.0,6,False
716,Xerneas,Xerneasゼルネアス,Life Pokémon,fairy,None,3.0,215.0,126,131,95,99,131,98,30720,0,680,45,55.2,6,True
717,Yveltal,Yveltalイベルタル,Destruction Pokémon,dark,flying,5.8,203.0,126,131,95,99,131,98,30720,0,680,45,55.2,6,True
718,Zygarde,Zygarde (10% Forme)ジガルデ,Order Pokémon,dragon,ground,5.0,284.6,216,100,121,85,91,95,30720,0,708,3,55.2,6,True
719,Diancie,Diancieディアンシー,Jewel Pokémon,rock,fairy,0.7,8.8,50,160,110,110,160,110,6400,70,700,3,55.2,6,True
720,Hoopa,Hoopa (imashimerareshi Hoopa)フーパ,Mischief Pokémon (Confined)Djinn Pokémonn (Unbound),psychic,ghost,0.5,9.0,80,160,60,80,170,130,30720,100,680,3,55.2,6,True
721,Volcanion,Volcanionボルケニオン,Steam Pokémon,fire,water,1.7,195.0,80,110,120,70,130,90,30720,100,600,3,55.2,6,True
722,Rowlet,Mokurohモクロー,Grass Quill Pokémon,grass,flying,0.3,1.5,68,55,55,42,50,50,3840,70,320,45,88.1,7,False
723,Dartrix,Fukuthrowフクスロー,Blade Quill Pokémon,grass,flying,0.7,16.0,78,75,75,52,70,70,3840,70,420,45,88.1,7,False
724,Decidueye,Junaiperジュナイパー,Arrow Quill Pokémon,grass,ghost,1.6,36.6,78,107,75,70,100,100,3840,70,530,45,88.1,7,False
725,Litten,Nyabbyニャビー,Fire Cat Pokémon,fire,None,0.4,4.3,45,65,40,70,60,40,3840,70,320,45,88.1,7,False
726,Torracat,Nyaheatニャヒート,Fire Cat Pokémon,fire,None,0.7,25.0,65,85,50,90,80,50,3840,70,420,45,88.1,7,False
727,Incineroar,Gaogaenガオガエン,Heel Pokémon,fire,dark,1.8,83.0,95,115,90,60,80,90,3840,70,530,45,88.1,7,False
728,Popplio,Ashimariアシマリ,Sea Lion Pokémon,water,None,0.4,7.5,50,54,54,40,66,56,3840,70,320,45,88.1,7,False
729,Brionne,Osyamariオシャマリ,Pop Star Pokémon,water,None,0.6,17.5,60,69,69,50,91,81,3840,70,420,45,88.1,7,False
730,Primarina,Ashireneアシレーヌ,Soloist Pokémon,water,fairy,1.8,44.0,80,74,74,60,126,116,3840,70,530,45,88.1,7,False
731,Pikipek,Tsutsukeraツツケラ,Woodpecker Pokémon,normal,flying,0.3,1.2,35,75,30,65,30,30,3840,70,265,255,50.0,7,False
732,Trumbeak,Kerarappaケララッパ,Bugle Beak Pokémon,normal,flying,0.6,14.8,55,85,50,75,40,50,3840,70,355,120,50.0,7,False
733,Toucannon,Dodekabashiドデカバシ,Cannon Pokémon,normal,flying,1.1,26.0,80,120,75,60,75,75,3840,70,485,45,50.0,7,False
734,Yungoos,Youngooseヤングース,Loitering Pokémon,normal,None,0.4,6.0,48,70,30,45,30,30,3840,70,253,255,50.0,7,False
735,Gumshoos,Dekagooseデカグース,Stakeout Pokémon,normal,None,0.7,14.2,88,110,60,45,55,60,3840,70,418,127,50.0,7,False
736,Grubbin,Agojimushiアゴジムシ,Larva Pokémon,bug,None,0.4,4.4,47,62,45,46,55,45,3840,70,300,255,50.0,7,False
737,Charjabug,Dendimushiデンヂムシ,Battery Pokémon,bug,electric,0.5,10.5,57,82,95,36,55,75,3840,70,400,120,50.0,7,False
738,Vikavolt,Kuwagannonクワガノン,Stag Beetle Pokémon,bug,electric,1.5,45.0,77,70,90,43,145,75,3840,70,500,45,50.0,7,False
739,Crabrawler,Makenkaniマケンカニ,Boxing Pokémon,fighting,None,0.6,7.0,47,82,57,63,42,47,5120,70,338,225,50.0,7,False
740,Crabominable,Kekenkaniケケンカニ,Woolly Crab Pokémon,fighting,ice,1.7,180.0,97,132,77,43,62,67,5120,70,478,60,50.0,7,False
741,Oricorio,Odoridori (pachipachi Style)オドリドリ,Dancing Pokémon,fire,flying,0.6,3.4,75,70,70,93,98,70,5120,70,476,45,24.6,7,False
742,Cutiefly,Abulyアブリー,Bee Fly Pokémon,bug,fairy,0.1,0.2,40,45,40,84,55,40,5120,70,304,190,50.0,7,False
743,Ribombee,Aburibbonアブリボン,Bee Fly Pokémon,bug,fairy,0.2,0.5,60,55,60,124,95,70,5120,70,464,75,50.0,7,False
744,Rockruff,Iwankoイワンコ,Puppy Pokémon,rock,None,0.5,9.2,45,65,40,60,30,40,3840,70,280,190,50.0,7,False
745,Lycanroc,Lugarugan (mahiru No Sugata)ルガルガン,Wolf Pokémon,rock,None,0.8,25.0,85,115,75,82,55,75,3840,70,487,90,50.0,7,False
746,Wishiwashi,Yowashi (tandoku No Sugata)ヨワシ,Small Fry Pokémon,water,None,0.2,0.3,45,140,130,30,140,135,3840,70,620,60,50.0,7,False
747,Mareanie,Hidoideヒドイデ,Brutal Star Pokémon,poison,water,0.4,8.0,50,53,62,45,43,52,5120,70,305,190,50.0,7,False
748,Toxapex,Dohidoideドヒドイデ,Brutal Star Pokémon,poison,water,0.7,14.5,50,63,152,35,53,142,5120,70,495,75,50.0,7,False
749,Mudbray,Dorobankoドロバンコ,Donkey Pokémon,ground,None,1.0,110.0,70,100,70,45,45,55,5120,70,385,190,50.0,7,False
750,Mudsdale,Banbadoroバンバドロ,Draft Horse Pokémon,ground,None,2.5,920.0,100,125,100,35,55,85,5120,70,500,60,50.0,7,False
751,Dewpider,Shizukumoシズクモ,Water Bubble Pokémon,water,bug,0.3,4.0,38,40,52,27,40,72,3840,70,269,200,50.0,7,False
752,Araquanid,Onishizukumoオニシズクモ,Water Bubble Pokémon,water,bug,1.8,82.0,68,70,92,42,50,132,3840,70,454,100,50.0,7,False
753,Fomantis,Karikiriカリキリ,Sickle Grass Pokémon,grass,None,0.3,1.5,40,55,35,35,50,35,5120,70,250,190,50.0,7,False
754,Lurantis,Lalantesラランテス,Bloom Sickle Pokémon,grass,None,0.9,18.5,70,105,90,45,80,90,5120,70,480,75,50.0,7,False
755,Morelull,Nemasyuネマシュ,Illuminating Pokémon,grass,fairy,0.2,1.5,40,35,55,15,65,75,5120,70,285,190,50.0,7,False
756,Shiinotic,Mashadeマシェード,Illuminating Pokémon,grass,fairy,1.0,11.5,60,45,80,30,90,100,5120,70,405,75,50.0,7,False
757,Salandit,Yatoumoriヤトウモリ,Toxic Lizard Pokémon,poison,fire,0.6,4.8,48,44,40,77,71,40,5120,70,320,120,88.1,7,False
758,Salazzle,Ennewtエンニュート,Toxic Lizard Pokémon,poison,fire,1.2,22.2,68,64,60,117,111,60,5120,70,480,45,0.0,7,False
759,Stufful,Nuikogumaヌイコグマ,Flailing Pokémon,normal,fighting,0.5,6.8,70,75,50,50,45,50,3840,70,340,140,50.0,7,False
760,Bewear,Kiterugumaキテルグマ,Strong Arm Pokémon,normal,fighting,2.1,135.0,120,125,80,60,55,60,3840,70,500,70,50.0,7,False
761,Bounsweet,Amakajiアマカジ,Fruit Pokémon,grass,None,0.3,3.2,42,30,38,32,30,38,5120,70,210,235,0.0,7,False
762,Steenee,Amamaikoアママイコ,Fruit Pokémon,grass,None,0.7,8.2,52,40,48,62,40,48,5120,70,290,120,0.0,7,False
763,Tsareena,Amajoアマージョ,Fruit Pokémon,grass,None,1.2,21.4,72,120,98,72,50,98,5120,70,510,45,0.0,7,False
764,Comfey,Cuwawaキュワワー,Posy Picker Pokémon,fairy,None,0.1,0.3,51,52,90,100,82,110,5120,70,485,60,24.6,7,False
765,Oranguru,Yareyuutanヤレユータン,Sage Pokémon,normal,psychic,1.5,76.0,90,60,80,60,90,110,5120,70,490,45,50.0,7,False
766,Passimian,Nagetukesaruナゲツケサル,Teamwork Pokémon,fighting,None,2.0,82.8,100,120,90,80,40,60,5120,70,490,45,50.0,7,False
767,Wimpod,Kosokumushiコソクムシ,Turn Tail Pokémon,bug,water,0.5,12.0,25,35,40,80,20,30,5120,70,230,90,50.0,7,False
768,Golisopod,Gusokumushaグソクムシャ,Hard Scale Pokémon,bug,water,2.0,108.0,75,125,140,40,60,90,5120,70,530,45,50.0,7,False
769,Sandygast,Sunabaスナバァ,Sand Heap Pokémon,ghost,ground,0.5,70.0,55,55,80,15,70,45,3840,70,320,140,50.0,7,False
770,Palossand,Sirodethnaシロデスナ,Sand Castle Pokémon,ghost,ground,1.3,250.0,85,75,110,35,100,75,3840,70,480,60,50.0,7,False
771,Pyukumuku,Namakobushiナマコブシ,Sea Cucumber Pokémon,water,None,0.3,1.2,55,60,130,5,30,130,3840,70,410,60,50.0,7,False
772,Type: Null,Type: Nullタイプ：ヌル,Synthetic Pokémon,normal,None,1.9,120.5,95,95,95,59,95,95,30720,0,534,3,55.2,7,False
773,Silvally,Silvadyシルヴァディ,Synthetic Pokémon,normal,None,2.3,100.5,95,95,95,95,95,95,30720,0,570,3,55.2,7,False
774,Minior,Metenoメテノ,Meteor Pokémon,rock,flying,0.3,40.0,60,100,60,120,100,60,6400,70,500,30,55.2,7,False
775,Komala,Nekkoaraネッコアラ,Drowsing Pokémon,normal,None,0.4,19.9,65,115,65,65,75,95,5120,70,480,45,50.0,7,False
776,Turtonator,Bakugamesバクガメス,Blast Turtle Pokémon,fire,dragon,2.0,212.0,60,78,135,36,91,85,5120,70,485,70,50.0,7,False
777,Togedemaru,Togedemaruトゲデマル,Roly-Poly Pokémon,electric,steel,0.3,3.3,65,98,63,96,40,73,2560,70,435,180,50.0,7,False
778,Mimikyu,Mimikkyuミミッキュ,Disguise Pokémon,ghost,fairy,0.2,0.7,55,90,80,96,50,105,5120,70,476,45,50.0,7,False
779,Bruxish,Hagigishiriハギギシリ,Gnash Teeth Pokémon,water,psychic,0.9,19.0,68,105,70,92,70,70,3840,70,475,80,50.0,7,False
780,Drampa,Jijilongジジーロン,Placid Pokémon,normal,dragon,3.0,185.0,78,60,85,36,135,91,5120,70,485,70,50.0,7,False
781,Dhelmise,Dadarinダダリン,Sea Creeper Pokémon,ghost,grass,3.9,210.0,70,131,100,40,86,90,6400,70,517,25,55.2,7,False
782,Jangmo-o,Jyarakoジャラコ,Scaly Pokémon,dragon,None,0.6,29.7,45,55,65,45,45,45,10240,70,300,45,50.0,7,False
783,Hakamo-o,Jyarangoジャランゴ,Scaly Pokémon,dragon,fighting,1.2,47.0,55,75,90,65,65,70,10240,70,420,45,50.0,7,False
784,Kommo-o,Jyararangaジャラランガ,Scaly Pokémon,dragon,fighting,1.6,78.2,75,110,125,85,100,105,10240,70,600,45,50.0,7,False
785,Tapu Koko,Kapu-kokekoカプ・コケコ,Land Spirit Pokémon,electric,fairy,1.8,20.5,70,115,85,130,95,75,3840,70,570,3,55.2,7,True
786,Tapu Lele,Kapu-tetefuカプ・テテフ,Land Spirit Pokémon,psychic,fairy,1.2,18.6,70,85,75,95,130,115,3840,70,570,3,55.2,7,True
787,Tapu Bulu,Kapu-bululカプ・ブルル,Land Spirit Pokémon,grass,fairy,1.9,45.5,70,130,115,75,85,95,3840,70,570,3,55.2,7,True
788,Tapu Fini,Kapu-rehireカプ・レヒレ,Land Spirit Pokémon,water,fairy,1.3,21.2,70,75,115,85,95,130,3840,70,570,3,55.2,7,True
789,Cosmog,Cosmogコスモッグ,Nebula Pokémon,psychic,None,0.2,0.1,43,29,31,37,29,31,30720,0,200,45,55.2,7,True
790,Cosmoem,Cosmovumコスモウム,Protostar Pokémon,psychic,None,0.1,999.9,43,29,131,37,29,131,30720,0,400,45,55.2,7,True
791,Solgaleo,Solgaleoソルガレオ,Sunne Pokémon,psychic,steel,3.4,230.0,137,137,107,97,113,89,30720,0,680,45,55.2,7,True
792,Lunala,Lunalaルナアーラ,Moone Pokémon,psychic,ghost,4.0,120.0,137,113,89,97,137,107,30720,0,680,45,55.2,7,True
793,Nihilego,Uturoidウツロイド,Parasite Pokémon,rock,poison,1.2,55.5,109,53,47,103,127,131,30720,0,570,45,55.2,7,True
794,Buzzwole,Massivoonマッシブーン,Swollen Pokémon,bug,fighting,2.4,333.6,107,139,139,79,53,53,30720,0,570,25,55.2,7,True
795,Pheromosa,Pheroacheフェローチェ,Lissome Pokémon,bug,fighting,1.8,25.0,71,137,37,151,137,37,30720,0,570,255,55.2,7,True
796,Xurkitree,Denjyumokuデンジュモク,Glowing Pokémon,electric,None,3.8,100.0,83,89,71,83,173,71,30720,0,570,30,55.2,7,True
797,Celesteela,Tekkaguyaテッカグヤ,Launch Pokémon,steel,flying,9.2,999.9,97,101,103,61,107,101,30720,0,570,25,55.2,7,True
798,Kartana,Kamiturugiカミツルギ,Drawn Sword Pokémon,grass,steel,0.3,0.1,59,181,131,109,59,31,30720,0,570,255,55.2,7,True
799,Guzzlord,Akuzikingアクジキング,Junkivore Pokémon,dark,dragon,5.5,888.0,223,101,53,43,97,53,30720,0,570,15,55.2,7,True
800,Necrozma,Necrozmaネクロズマ,Prism Pokémon,psychic,None,2.4,230.0,97,107,101,79,127,89,30720,0,600,3,55.2,7,True
801,Magearna,Magearnaマギアナ,Artificial Pokémon,steel,fairy,1.0,80.5,80,95,115,65,130,115,30720,0,600,3,55.2,7,True
